,Time, TickAttriBidAsk, AskPastHigh, PriceBid, PriceAsk, SizeBid, SizeAsk,Symbol
0,,,,,,,,IESC
1,1668522527,BidPastLow,0,29.730000,37.460000,100,100,IESC
2,1668522601,BidPastLow,1,29.730000,37.460000,100,100,IESC
3,1668522601,BidPastLow,1,29.730000,37.460000,100,100,IESC
4,1668522601,BidPastLow,0,30.760000,34.500000,100,800,IESC
5,1668522601,BidPastLow,0,30.770000,34.500000,200,800,IESC
6,1668522601,BidPastLow,0,30.770000,34.490000,200,800,IESC
7,1668522601,BidPastLow,0,30.770000,34.470000,200,200,IESC
8,1668522603,BidPastLow,0,30.780000,34.470000,200,200,IESC
9,1668522604,BidPastLow,0,30.790000,34.470000,200,200,IESC
10,1668522606,BidPastLow,0,30.800000,34.470000,200,200,IESC
11,1668522607,BidPastLow,0,30.820000,34.470000,200,200,IESC
12,1668522609,BidPastLow,0,30.830000,34.470000,200,200,IESC
13,1668522610,BidPastLow,0,30.850000,34.470000,200,200,IESC
14,1668522611,BidPastLow,0,30.860000,34.470000,200,200,IESC
15,1668522613,BidPastLow,0,30.880000,34.470000,200,200,IESC
16,1668522614,BidPastLow,0,30.880000,34.460000,200,200,IESC
17,1668522615,BidPastLow,0,30.890000,34.460000,200,200,IESC
18,1668522617,BidPastLow,0,30.910000,34.460000,200,200,IESC
19,1668522619,BidPastLow,0,30.930000,34.460000,200,200,IESC
20,1668522620,BidPastLow,0,30.940000,34.460000,200,200,IESC
21,1668522621,BidPastLow,0,33.110000,34.460000,100,200,IESC
22,1668522621,BidPastLow,0,33.100000,34.460000,100,200,IESC
23,1668522621,BidPastLow,0,33.110000,34.460000,100,200,IESC
24,1668522621,BidPastLow,0,33.120000,34.460000,200,200,IESC
25,1668522621,BidPastLow,0,33.120000,34.450000,200,100,IESC
26,1668522621,BidPastLow,0,33.120000,34.430000,200,200,IESC
27,1668522627,BidPastLow,0,33.120000,34.420000,200,200,IESC
28,1668522639,BidPastLow,0,33.120000,34.410000,200,200,IESC
29,1668522644,BidPastLow,0,33.120000,34.390000,200,200,IESC
30,1668522650,BidPastLow,0,33.120000,34.370000,200,200,IESC
31,1668522660,BidPastLow,0,33.120000,34.400000,200,300,IESC
32,1668522660,BidPastLow,0,33.120000,34.380000,200,200,IESC
33,1668522661,BidPastLow,0,33.120000,34.360000,200,200,IESC
34,1668522664,BidPastLow,0,33.120000,34.340000,200,200,IESC
35,1668522672,BidPastLow,0,33.120000,34.320000,200,200,IESC
36,1668522679,BidPastLow,0,33.120000,34.300000,200,200,IESC
37,1668522684,BidPastLow,0,33.120000,34.280000,200,200,IESC
38,1668522691,BidPastLow,0,33.120000,34.270000,200,200,IESC
39,1668522695,BidPastLow,0,33.120000,34.250000,200,200,IESC
40,1668522703,BidPastLow,0,33.120000,34.280000,200,100,IESC
41,1668522703,BidPastLow,0,33.120000,34.270000,200,200,IESC
42,1668522717,BidPastLow,0,33.120000,34.260000,200,200,IESC
43,1668522718,BidPastLow,0,33.120000,34.250000,200,200,IESC
44,1668522726,BidPastLow,0,33.120000,34.240000,200,200,IESC
45,1668522731,BidPastLow,0,33.120000,34.230000,200,200,IESC
46,1668522736,BidPastLow,0,33.120000,34.220000,200,200,IESC
47,1668522743,BidPastLow,0,33.120000,34.230000,200,100,IESC
48,1668522755,BidPastLow,0,33.120000,34.220000,200,200,IESC
49,1668522761,BidPastLow,0,33.120000,34.210000,200,200,IESC
50,1668522766,BidPastLow,0,33.120000,34.200000,200,200,IESC
51,1668522777,BidPastLow,0,33.120000,34.180000,200,200,IESC
52,1668522778,BidPastLow,0,33.120000,34.170000,200,200,IESC
53,1668522780,BidPastLow,0,33.120000,34.180000,200,100,IESC
54,1668522787,BidPastLow,0,33.120000,34.170000,200,200,IESC
55,1668522788,BidPastLow,0,33.120000,34.200000,200,100,IESC
56,1668522788,BidPastLow,0,33.120000,34.180000,200,200,IESC
57,1668522789,BidPastLow,0,33.120000,34.170000,200,200,IESC
58,1668522802,BidPastLow,0,33.120000,34.200000,200,100,IESC
59,1668522802,BidPastLow,0,33.120000,34.180000,200,200,IESC
60,1668522803,BidPastLow,0,33.120000,34.160000,200,200,IESC
61,1668522811,BidPastLow,0,33.120000,34.150000,200,200,IESC
62,1668522814,BidPastLow,0,33.120000,34.140000,200,200,IESC
63,1668522817,BidPastLow,0,33.120000,34.150000,200,100,IESC
64,1668522818,BidPastLow,0,33.120000,34.140000,200,200,IESC
65,1668522819,BidPastLow,0,33.120000,34.150000,200,100,IESC
66,1668522823,BidPastLow,0,33.120000,34.140000,200,200,IESC
67,1668522832,BidPastLow,0,33.120000,34.130000,200,200,IESC
68,1668522846,BidPastLow,0,33.120000,34.110000,200,200,IESC
69,1668522868,BidPastLow,0,33.120000,34.100000,200,200,IESC
70,1668522869,BidPastLow,0,33.120000,34.110000,200,100,IESC
71,1668522883,BidPastLow,0,33.120000,34.100000,200,200,IESC
72,1668522885,BidPastLow,0,33.120000,34.090000,200,200,IESC
73,1668522895,BidPastLow,0,33.110000,34.090000,100,300,IESC
74,1668522940,BidPastLow,0,33.120000,34.090000,100,200,IESC
75,1668522940,BidPastLow,0,33.130000,34.090000,100,200,IESC
76,1668522948,BidPastLow,0,32.990000,34.090000,300,200,IESC
77,1668522948,BidPastLow,0,33.140000,34.090000,100,200,IESC
78,1668522948,BidPastLow,0,33.150000,34.090000,100,200,IESC
79,1668522955,BidPastLow,0,32.990000,34.090000,300,200,IESC
80,1668522955,BidPastLow,0,33.160000,34.090000,100,200,IESC
81,1668522955,BidPastLow,0,33.170000,34.090000,100,200,IESC
82,1668522963,BidPastLow,0,32.990000,34.090000,300,200,IESC
83,1668522963,BidPastLow,0,33.010000,34.090000,200,200,IESC
84,1668522963,BidPastLow,0,33.180000,34.090000,100,200,IESC
85,1668522963,BidPastLow,0,33.190000,34.090000,100,200,IESC
86,1668522974,BidPastLow,0,32.990000,34.090000,300,200,IESC
87,1668522974,BidPastLow,0,33.200000,34.090000,100,200,IESC
88,1668522974,BidPastLow,0,33.210000,34.090000,100,200,IESC
89,1668522983,BidPastLow,0,32.990000,34.090000,300,200,IESC
90,1668522983,BidPastLow,0,33.220000,34.090000,100,200,IESC
91,1668522983,BidPastLow,0,33.230000,34.090000,100,200,IESC
92,1668522992,BidPastLow,0,33.240000,34.090000,100,200,IESC
93,1668522992,BidPastLow,0,33.250000,34.090000,100,200,IESC
94,1668523001,BidPastLow,0,33.230000,34.090000,100,200,IESC
95,1668523001,BidPastLow,0,33.260000,34.090000,100,200,IESC
96,1668523001,BidPastLow,0,33.270000,34.090000,100,200,IESC
97,1668523009,BidPastLow,0,33.230000,34.090000,100,200,IESC
98,1668523009,BidPastLow,0,33.280000,34.090000,100,200,IESC
99,1668523009,BidPastLow,0,33.290000,34.090000,100,200,IESC
100,1668523018,BidPastLow,0,33.230000,34.090000,100,200,IESC
101,1668523018,BidPastLow,0,33.300000,34.090000,100,200,IESC
102,1668523018,BidPastLow,0,33.310000,34.090000,100,200,IESC
103,1668523026,BidPastLow,0,33.230000,34.090000,100,200,IESC
104,1668523026,BidPastLow,0,33.320000,34.090000,100,200,IESC
105,1668523026,BidPastLow,0,33.330000,34.090000,100,200,IESC
106,1668523041,BidPastLow,0,32.990000,34.090000,300,200,IESC
107,1668523041,BidPastLow,0,33.340000,34.090000,100,200,IESC
108,1668523041,BidPastLow,0,33.350000,34.090000,100,200,IESC
109,1668523055,BidPastLow,0,33.360000,34.090000,100,200,IESC
110,1668523055,BidPastLow,0,33.370000,34.090000,100,200,IESC
111,1668523067,BidPastLow,0,32.990000,34.090000,300,200,IESC
112,1668523067,BidPastLow,0,33.380000,34.090000,100,200,IESC
113,1668523099,BidPastLow,0,33.390000,34.090000,100,200,IESC
114,1668523102,BidPastLow,0,32.990000,34.090000,300,200,IESC
115,1668523102,BidPastLow,0,33.010000,34.090000,200,200,IESC
116,1668523102,BidPastLow,0,33.400000,34.090000,100,200,IESC
117,1668523102,BidPastLow,0,33.410000,34.090000,100,200,IESC
118,1668523104,BidPastLow,0,33.400000,34.090000,100,200,IESC
119,1668523119,BidPastLow,0,33.410000,34.090000,100,200,IESC
120,1668523126,BidPastLow,0,32.990000,34.090000,300,200,IESC
121,1668523126,BidPastLow,0,33.420000,34.090000,100,200,IESC
122,1668523126,BidPastLow,0,33.430000,34.090000,100,200,IESC
123,1668523133,BidPastLow,0,32.990000,34.090000,300,200,IESC
124,1668523133,BidPastLow,0,33.440000,34.090000,100,200,IESC
125,1668523133,BidPastLow,0,33.450000,34.090000,100,200,IESC
126,1668523134,BidPastLow,0,33.440000,34.090000,100,200,IESC
127,1668523502,BidPastLow,0,33.440000,34.080000,100,100,IESC
128,1668523506,BidPastLow,0,33.440000,34.070000,100,100,IESC
129,1668523507,BidPastLow,0,33.440000,34.080000,100,200,IESC
130,1668523535,BidPastLow,0,33.440000,34.070000,100,200,IESC
131,1668523542,BidPastLow,0,33.440000,34.060000,100,100,IESC
132,1668523543,BidPastLow,0,33.440000,34.070000,100,200,IESC
133,1668523543,BidPastLow,0,33.440000,34.050000,100,200,IESC
134,1668523544,BidPastLow,0,33.440000,34.070000,100,200,IESC
135,1668523546,BidPastLow,0,33.440000,34.050000,100,200,IESC
136,1668523549,BidPastLow,0,33.440000,34.040000,100,200,IESC
137,1668523550,BidPastLow,0,33.440000,34.050000,100,100,IESC
138,1668523565,BidPastLow,0,32.990000,34.050000,300,200,IESC
139,1668523565,BidPastLow,0,32.990000,34.040000,400,100,IESC
140,1668523565,BidPastLow,0,33.000000,34.040000,200,200,IESC
141,1668523565,BidPastLow,0,33.000000,34.020000,200,200,IESC
142,1668523565,BidPastLow,0,33.010000,34.020000,100,300,IESC
143,1668523565,BidPastLow,0,32.990000,34.020000,200,300,IESC
144,1668523566,BidPastLow,0,33.000000,34.020000,200,300,IESC
145,1668523566,BidPastLow,0,33.000000,34.010000,200,200,IESC
146,1668523566,BidPastLow,0,33.000000,34.000000,200,200,IESC
147,1668523567,BidPastLow,0,33.110000,34.000000,100,200,IESC
148,1668523567,BidPastLow,0,33.110000,34.010000,200,200,IESC
149,1668523567,BidPastLow,0,33.110000,33.990000,200,100,IESC
150,1668523567,BidPastLow,0,33.110000,33.980000,200,200,IESC
151,1668523579,BidPastLow,0,33.120000,33.980000,200,300,IESC
152,1668523579,BidPastLow,0,33.130000,33.980000,100,300,IESC
153,1668523579,BidPastLow,0,33.130000,33.970000,100,200,IESC
154,1668523579,BidPastLow,0,33.130000,33.960000,100,200,IESC
155,1668523587,BidPastLow,0,33.130000,33.950000,100,200,IESC
156,1668523587,BidPastLow,0,33.130000,33.940000,100,100,IESC
157,1668523595,BidPastLow,0,33.130000,33.930000,100,200,IESC
158,1668523595,BidPastLow,0,33.130000,33.920000,100,100,IESC
159,1668523599,BidPastLow,0,32.990000,33.920000,300,100,IESC
160,1668523599,BidPastLow,0,33.110000,33.930000,200,100,IESC
161,1668523599,BidPastLow,0,33.150000,33.930000,100,100,IESC
162,1668523600,BidPastLow,0,33.150000,33.910000,100,200,IESC
163,1668523601,BidPastLow,0,33.150000,33.930000,100,100,IESC
164,1668523609,BidPastLow,0,32.990000,33.930000,200,200,IESC
165,1668523609,BidPastLow,0,33.160000,33.930000,100,200,IESC
166,1668523609,BidPastLow,0,33.160000,33.910000,100,200,IESC
167,1668523609,BidPastLow,0,33.170000,33.910000,100,200,IESC
168,1668523619,BidPastLow,0,33.180000,33.910000,200,200,IESC
169,1668523619,BidPastLow,0,33.190000,33.910000,100,200,IESC
170,1668523628,BidPastLow,0,32.990000,33.910000,300,200,IESC
171,1668523628,BidPastLow,0,33.200000,33.910000,200,200,IESC
172,1668523628,BidPastLow,0,33.210000,33.910000,100,200,IESC
173,1668523636,BidPastLow,0,32.990000,33.910000,300,200,IESC
174,1668523636,BidPastLow,0,33.220000,33.910000,200,200,IESC
175,1668523636,BidPastLow,0,33.230000,33.910000,100,200,IESC
176,1668523647,BidPastLow,0,32.990000,33.910000,300,200,IESC
177,1668523647,BidPastLow,0,32.990000,33.900000,200,200,IESC
178,1668523647,BidPastLow,0,33.000000,33.900000,100,200,IESC
179,1668523647,BidPastLow,0,32.990000,33.900000,200,400,IESC
180,1668523647,BidPastLow,0,33.240000,33.900000,200,400,IESC
181,1668523647,BidPastLow,0,33.250000,33.900000,100,300,IESC
182,1668523649,BidPastLow,0,32.990000,33.900000,300,200,IESC
183,1668523649,BidPastLow,0,33.000000,33.900000,100,200,IESC
184,1668523649,BidPastLow,0,32.990000,33.900000,200,200,IESC
185,1668523654,BidPastLow,0,32.990000,33.890000,200,200,IESC
186,1668523656,BidPastLow,0,33.110000,33.890000,200,100,IESC
187,1668523657,BidPastLow,0,33.110000,33.900000,100,100,IESC
188,1668523657,BidPastLow,0,33.110000,33.880000,200,200,IESC
189,1668523657,BidPastLow,0,33.110000,33.870000,200,100,IESC
190,1668523658,BidPastLow,0,33.110000,33.880000,100,100,IESC
191,1668523658,BidPastLow,0,33.110000,33.870000,100,100,IESC
192,1668523663,BidPastLow,0,33.110000,33.860000,100,200,IESC
193,1668523663,BidPastLow,0,33.110000,33.850000,100,200,IESC
194,1668523665,BidPastLow,0,33.120000,33.850000,100,200,IESC
195,1668523665,BidPastLow,0,33.130000,33.860000,100,100,IESC
196,1668523665,BidPastLow,0,33.130000,33.850000,100,200,IESC
197,1668523666,BidPastLow,0,33.130000,33.860000,100,100,IESC
198,1668523673,BidPastLow,0,32.990000,33.860000,300,200,IESC
199,1668523673,BidPastLow,0,33.140000,33.860000,200,200,IESC
200,1668523673,BidPastLow,0,33.150000,33.860000,100,200,IESC
201,1668523679,BidPastLow,0,32.990000,33.860000,300,200,IESC
202,1668523679,BidPastLow,0,33.160000,33.860000,200,200,IESC
203,1668523679,BidPastLow,0,33.170000,33.860000,100,200,IESC
204,1668523687,BidPastLow,0,32.990000,33.860000,300,200,IESC
205,1668523687,BidPastLow,0,33.180000,33.860000,100,200,IESC
206,1668523687,BidPastLow,0,33.190000,33.860000,100,200,IESC
207,1668523701,BidPastLow,0,32.990000,33.860000,300,200,IESC
208,1668523701,BidPastLow,0,33.200000,33.860000,200,200,IESC
209,1668523701,BidPastLow,0,33.210000,33.860000,100,200,IESC
210,1668523708,BidPastLow,0,32.990000,33.860000,300,200,IESC
211,1668523708,BidPastLow,0,33.110000,33.860000,100,200,IESC
212,1668523708,BidPastLow,0,33.230000,33.860000,100,200,IESC
213,1668523714,BidPastLow,0,32.990000,33.860000,300,200,IESC
214,1668523714,BidPastLow,0,33.240000,33.860000,100,200,IESC
215,1668523714,BidPastLow,0,33.250000,33.860000,100,200,IESC
216,1668523720,BidPastLow,0,32.990000,33.860000,300,200,IESC
217,1668523720,BidPastLow,0,33.000000,33.860000,100,300,IESC
218,1668523721,BidPastLow,0,32.990000,33.860000,200,200,IESC
219,1668523722,BidPastLow,0,33.110000,33.860000,100,200,IESC
220,1668523737,BidPastLow,0,33.120000,33.860000,200,200,IESC
221,1668523737,BidPastLow,0,33.130000,33.860000,100,200,IESC
222,1668523749,BidPastLow,0,32.990000,33.860000,300,200,IESC
223,1668523749,BidPastLow,0,33.140000,33.860000,200,200,IESC
224,1668523749,BidPastLow,0,33.150000,33.860000,100,200,IESC
225,1668523756,BidPastLow,0,32.990000,33.860000,300,200,IESC
226,1668523756,BidPastLow,0,33.160000,33.860000,200,200,IESC
227,1668523756,BidPastLow,0,33.170000,33.860000,100,200,IESC
228,1668523760,BidPastLow,0,32.990000,33.860000,300,200,IESC
229,1668523760,BidPastLow,0,33.170000,33.860000,100,200,IESC
230,1668523766,BidPastLow,0,32.990000,33.860000,300,200,IESC
231,1668523766,BidPastLow,0,33.180000,33.860000,100,200,IESC
232,1668523766,BidPastLow,0,33.190000,33.860000,100,200,IESC
233,1668523774,BidPastLow,0,32.990000,33.860000,300,200,IESC
234,1668523774,BidPastLow,0,33.200000,33.860000,100,200,IESC
235,1668523774,BidPastLow,0,33.210000,33.860000,100,200,IESC
236,1668523781,BidPastLow,0,32.990000,33.860000,300,200,IESC
237,1668523781,BidPastLow,0,33.220000,33.860000,100,200,IESC
238,1668523781,BidPastLow,0,33.230000,33.860000,100,200,IESC
239,1668523789,BidPastLow,0,32.990000,33.860000,300,200,IESC
240,1668523789,BidPastLow,0,33.000000,33.860000,100,200,IESC
241,1668523790,BidPastLow,0,32.990000,33.860000,300,200,IESC
242,1668523796,BidPastLow,0,33.230000,33.860000,100,200,IESC
243,1668523797,BidPastLow,0,33.250000,33.860000,100,200,IESC
244,1668523806,BidPastLow,0,32.990000,33.860000,300,200,IESC
245,1668523806,BidPastLow,0,33.270000,33.860000,100,200,IESC
246,1668523813,BidPastLow,0,32.990000,33.860000,300,200,IESC
247,1668523813,BidPastLow,0,33.110000,33.860000,100,200,IESC
248,1668523813,BidPastLow,0,33.290000,33.860000,100,200,IESC
249,1668523821,BidPastLow,0,32.990000,33.860000,300,200,IESC
250,1668523821,BidPastLow,0,33.110000,33.860000,100,200,IESC
251,1668523821,BidPastLow,0,33.310000,33.860000,100,200,IESC
252,1668523829,BidPastLow,0,32.990000,33.860000,300,200,IESC
253,1668523829,BidPastLow,0,33.110000,33.860000,100,200,IESC
254,1668523829,BidPastLow,0,33.330000,33.860000,100,200,IESC
255,1668523835,BidPastLow,0,32.990000,33.860000,300,200,IESC
256,1668523837,BidPastLow,0,33.110000,33.860000,100,200,IESC
257,1668523849,BidPastLow,0,33.120000,33.860000,100,200,IESC
258,1668523849,BidPastLow,0,33.130000,33.860000,100,200,IESC
259,1668523855,BidPastLow,0,32.990000,33.860000,300,200,IESC
260,1668523855,BidPastLow,0,33.140000,33.860000,100,200,IESC
261,1668523855,BidPastLow,0,33.150000,33.860000,100,300,IESC
262,1668523860,BidPastLow,0,33.180000,33.860000,100,200,IESC
263,1668523864,BidPastLow,0,33.190000,33.860000,100,200,IESC
264,1668523864,BidPastLow,0,33.200000,33.860000,100,200,IESC
265,1668523871,BidPastLow,0,33.210000,33.860000,100,200,IESC
266,1668523871,BidPastLow,0,33.220000,33.860000,100,200,IESC
267,1668523879,BidPastLow,0,32.990000,33.860000,300,200,IESC
268,1668523879,BidPastLow,0,33.230000,33.860000,100,200,IESC
269,1668523879,BidPastLow,0,33.240000,33.860000,100,200,IESC
270,1668523888,BidPastLow,0,32.990000,33.860000,300,200,IESC
271,1668523888,BidPastLow,0,33.250000,33.860000,100,200,IESC
272,1668523888,BidPastLow,0,33.260000,33.860000,100,200,IESC
273,1668523904,BidPastLow,0,33.270000,33.860000,100,200,IESC
274,1668523904,BidPastLow,0,33.280000,33.860000,100,200,IESC
275,1668523925,BidPastLow,0,32.990000,33.860000,300,200,IESC
276,1668523925,BidPastLow,0,33.290000,33.860000,100,200,IESC
277,1668523925,BidPastLow,0,33.300000,33.860000,100,200,IESC
278,1668523931,BidPastLow,0,32.990000,33.860000,300,200,IESC
279,1668523931,BidPastLow,0,33.110000,33.860000,100,200,IESC
280,1668523931,BidPastLow,0,33.320000,33.860000,100,200,IESC
281,1668523939,BidPastLow,0,32.990000,33.860000,300,200,IESC
282,1668523939,BidPastLow,0,33.110000,33.860000,100,200,IESC
283,1668523939,BidPastLow,0,33.340000,33.860000,100,200,IESC
284,1668523946,BidPastLow,0,32.990000,33.860000,300,200,IESC
285,1668523946,BidPastLow,0,33.110000,33.860000,100,200,IESC
286,1668523946,BidPastLow,0,33.360000,33.860000,100,200,IESC
287,1668523969,BidPastLow,0,33.060000,33.860000,100,200,IESC
288,1668523970,BidPastLow,0,32.990000,33.860000,300,200,IESC
289,1668523970,BidPastLow,0,33.060000,33.860000,100,200,IESC
290,1668524144,BidPastLow,0,33.100000,33.860000,100,200,IESC
291,1668524144,BidPastLow,0,33.110000,33.860000,100,200,IESC
292,1668524148,BidPastLow,0,33.120000,33.860000,100,200,IESC
293,1668524148,BidPastLow,0,33.170000,33.860000,100,200,IESC
294,1668524157,BidPastLow,0,33.180000,33.860000,100,200,IESC
295,1668524157,BidPastLow,0,33.190000,33.860000,100,200,IESC
296,1668524170,BidPastLow,0,33.200000,33.860000,100,200,IESC
297,1668524170,BidPastLow,0,33.210000,33.860000,100,200,IESC
298,1668524178,BidPastLow,0,33.220000,33.860000,100,200,IESC
299,1668524178,BidPastLow,0,33.230000,33.860000,100,200,IESC
300,1668524186,BidPastLow,0,33.240000,33.860000,100,200,IESC
301,1668524186,BidPastLow,0,33.250000,33.860000,100,200,IESC
302,1668524196,BidPastLow,0,33.270000,33.860000,100,200,IESC
303,1668524207,BidPastLow,0,33.250000,33.860000,100,200,IESC
304,1668524207,BidPastLow,0,33.270000,33.860000,100,200,IESC
305,1668524207,BidPastLow,0,33.290000,33.860000,100,200,IESC
306,1668524215,BidPastLow,0,33.310000,33.860000,100,200,IESC
307,1668524219,BidPastLow,0,33.300000,33.860000,100,200,IESC
308,1668524219,BidPastLow,0,33.310000,33.860000,100,200,IESC
309,1668524224,BidPastLow,0,33.270000,33.860000,100,200,IESC
310,1668524224,BidPastLow,0,33.330000,33.860000,100,200,IESC
311,1668524230,BidPastLow,0,33.100000,33.860000,100,200,IESC
312,1668524230,BidPastLow,0,33.110000,33.860000,100,200,IESC
313,1668524231,BidPastLow,0,33.100000,33.860000,100,200,IESC
314,1668524233,BidPastLow,0,33.110000,33.860000,100,200,IESC
315,1668524233,BidPastLow,0,33.120000,33.860000,100,200,IESC
316,1668524240,BidPastLow,0,33.110000,33.860000,100,200,IESC
317,1668524240,BidPastLow,0,33.130000,33.860000,100,200,IESC
318,1668524240,BidPastLow,0,33.140000,33.860000,100,200,IESC
319,1668524248,BidPastLow,0,33.100000,33.860000,100,200,IESC
320,1668524248,BidPastLow,0,33.150000,33.860000,100,200,IESC
321,1668524248,BidPastLow,0,33.160000,33.860000,100,200,IESC
322,1668524251,BidPastLow,0,33.160000,33.850000,100,100,IESC
323,1668524255,BidPastLow,0,33.100000,33.850000,100,200,IESC
324,1668524255,BidPastLow,0,33.110000,33.850000,100,200,IESC
325,1668524255,BidPastLow,0,33.180000,33.850000,100,200,IESC
326,1668524265,BidPastLow,0,33.100000,33.850000,100,200,IESC
327,1668524265,BidPastLow,0,33.190000,33.850000,100,200,IESC
328,1668524265,BidPastLow,0,33.200000,33.850000,100,200,IESC
329,1668524273,BidPastLow,0,33.100000,33.850000,100,200,IESC
330,1668524273,BidPastLow,0,33.110000,33.850000,100,200,IESC
331,1668524273,BidPastLow,0,33.220000,33.850000,100,200,IESC
332,1668524282,BidPastLow,0,33.100000,33.850000,100,200,IESC
333,1668524282,BidPastLow,0,33.110000,33.850000,100,200,IESC
334,1668524282,BidPastLow,0,33.240000,33.850000,100,200,IESC
335,1668524288,BidPastLow,0,33.100000,33.850000,100,200,IESC
336,1668524288,BidPastLow,0,33.150000,33.850000,100,200,IESC
337,1668524288,BidPastLow,0,33.160000,33.850000,100,200,IESC
338,1668524288,BidPastLow,0,33.260000,33.850000,100,200,IESC
339,1668524295,BidPastLow,0,33.100000,33.850000,100,200,IESC
340,1668524295,BidPastLow,0,33.150000,33.850000,100,200,IESC
341,1668524295,BidPastLow,0,33.160000,33.850000,100,200,IESC
342,1668524295,BidPastLow,0,33.270000,33.850000,100,200,IESC
343,1668524295,BidPastLow,0,33.280000,33.850000,100,200,IESC
344,1668524305,BidPastLow,0,33.150000,33.850000,100,200,IESC
345,1668524305,BidPastLow,0,33.280000,33.850000,100,200,IESC
346,1668524306,BidPastLow,0,33.100000,33.850000,100,200,IESC
347,1668524306,BidPastLow,0,33.150000,33.850000,100,200,IESC
348,1668524306,BidPastLow,0,33.160000,33.850000,100,200,IESC
349,1668524306,BidPastLow,0,33.300000,33.850000,100,200,IESC
350,1668524315,BidPastLow,0,33.150000,33.850000,100,200,IESC
351,1668524315,BidPastLow,0,33.290000,33.850000,100,200,IESC
352,1668524315,BidPastLow,0,33.300000,33.850000,100,200,IESC
353,1668524316,BidPastLow,0,33.100000,33.850000,100,200,IESC
354,1668524316,BidPastLow,0,33.150000,33.850000,100,200,IESC
355,1668524316,BidPastLow,0,33.160000,33.850000,100,200,IESC
356,1668524316,BidPastLow,0,33.320000,33.850000,100,200,IESC
357,1668524326,BidPastLow,0,33.100000,33.850000,100,200,IESC
358,1668524326,BidPastLow,0,33.150000,33.850000,100,200,IESC
359,1668524326,BidPastLow,0,33.160000,33.850000,100,200,IESC
360,1668524326,BidPastLow,0,33.150000,33.850000,100,200,IESC
361,1668524326,BidPastLow,0,33.160000,33.850000,100,300,IESC
362,1668524326,BidPastLow,0,33.150000,33.850000,100,300,IESC
363,1668524337,BidPastLow,0,33.100000,33.850000,100,300,IESC
364,1668524337,BidPastLow,0,33.150000,33.850000,100,200,IESC
365,1668524337,BidPastLow,0,33.160000,33.850000,100,200,IESC
366,1668524337,BidPastLow,0,33.170000,33.850000,100,200,IESC
367,1668524351,BidPastLow,0,33.100000,33.850000,100,200,IESC
368,1668524351,BidPastLow,0,33.180000,33.850000,200,200,IESC
369,1668524351,BidPastLow,0,33.190000,33.850000,100,200,IESC
370,1668524358,BidPastLow,0,33.100000,33.850000,100,200,IESC
371,1668524358,BidPastLow,0,33.200000,33.850000,100,200,IESC
372,1668524358,BidPastLow,0,33.210000,33.850000,100,200,IESC
373,1668524366,BidPastLow,0,33.100000,33.850000,100,200,IESC
374,1668524366,BidPastLow,0,33.220000,33.850000,100,200,IESC
375,1668524366,BidPastLow,0,33.230000,33.850000,100,200,IESC
376,1668524374,BidPastLow,0,33.100000,33.850000,100,200,IESC
377,1668524374,BidPastLow,0,33.240000,33.850000,100,200,IESC
378,1668524374,BidPastLow,0,33.250000,33.850000,100,200,IESC
379,1668524382,BidPastLow,0,33.100000,33.850000,100,200,IESC
380,1668524382,BidPastLow,0,33.260000,33.850000,100,200,IESC
381,1668524382,BidPastLow,0,33.270000,33.850000,100,200,IESC
382,1668524389,BidPastLow,0,33.100000,33.850000,100,200,IESC
383,1668524389,BidPastLow,0,33.150000,33.850000,100,200,IESC
384,1668524389,BidPastLow,0,33.160000,33.850000,100,200,IESC
385,1668524389,BidPastLow,0,33.290000,33.850000,100,200,IESC
386,1668524403,BidPastLow,0,33.100000,33.850000,100,200,IESC
387,1668524403,BidPastLow,0,33.150000,33.850000,100,200,IESC
388,1668524403,BidPastLow,0,33.160000,33.850000,100,200,IESC
389,1668524403,BidPastLow,0,33.310000,33.850000,100,200,IESC
390,1668524411,BidPastLow,0,33.100000,33.850000,100,200,IESC
391,1668524411,BidPastLow,0,33.150000,33.850000,100,200,IESC
392,1668524411,BidPastLow,0,33.160000,33.850000,100,200,IESC
393,1668524411,BidPastLow,0,33.330000,33.850000,100,200,IESC
394,1668524424,BidPastLow,0,33.100000,33.850000,100,200,IESC
395,1668524424,BidPastLow,0,33.150000,33.850000,100,200,IESC
396,1668524424,BidPastLow,0,33.160000,33.850000,100,200,IESC
397,1668524424,BidPastLow,0,33.350000,33.850000,100,200,IESC
398,1668524424,BidPastLow,0,33.150000,33.850000,100,200,IESC
399,1668524424,BidPastLow,0,33.350000,33.850000,100,200,IESC
400,1668524432,BidPastLow,0,33.370000,33.850000,100,200,IESC
401,1668524438,BidPastLow,0,33.150000,33.850000,100,200,IESC
402,1668524438,BidPastLow,0,33.160000,33.850000,100,200,IESC
403,1668524439,BidPastLow,0,33.150000,33.850000,100,200,IESC
404,1668524440,BidPastLow,0,33.100000,33.850000,100,200,IESC
405,1668524440,BidPastLow,0,33.170000,33.850000,200,200,IESC
406,1668524440,BidPastLow,0,33.180000,33.850000,100,200,IESC
407,1668524452,BidPastLow,0,33.190000,33.850000,200,200,IESC
408,1668524452,BidPastLow,0,33.200000,33.850000,100,200,IESC
409,1668524460,BidPastLow,0,33.210000,33.850000,200,200,IESC
410,1668524460,BidPastLow,0,33.220000,33.850000,100,200,IESC
411,1668524467,BidPastLow,0,33.230000,33.850000,100,200,IESC
412,1668524467,BidPastLow,0,33.240000,33.850000,100,200,IESC
413,1668524476,BidPastLow,0,33.260000,33.850000,100,200,IESC
414,1668524483,BidPastLow,0,33.240000,33.850000,100,200,IESC
415,1668524483,BidPastLow,0,33.280000,33.850000,100,200,IESC
416,1668524490,BidPastLow,0,33.240000,33.850000,100,200,IESC
417,1668524508,BidPastLow,0,33.260000,33.850000,100,200,IESC
418,1668524512,BidPastLow,0,33.240000,33.850000,100,200,IESC
419,1668524512,BidPastLow,0,33.280000,33.850000,100,200,IESC
420,1668524512,BidPastLow,0,33.240000,33.850000,100,200,IESC
421,1668524525,BidPastLow,0,33.250000,33.850000,100,200,IESC
422,1668524525,BidPastLow,0,33.260000,33.850000,100,200,IESC
423,1668524528,BidPastLow,0,33.290000,33.850000,100,200,IESC
424,1668524536,BidPastLow,0,33.300000,33.850000,100,200,IESC
425,1668524536,BidPastLow,0,33.310000,33.850000,100,200,IESC
426,1668524547,BidPastLow,0,33.320000,33.850000,100,200,IESC
427,1668524547,BidPastLow,0,33.330000,33.850000,100,200,IESC
428,1668524554,BidPastLow,0,33.340000,33.850000,100,200,IESC
429,1668524693,BidPastLow,0,33.350000,33.850000,100,200,IESC
430,1668524706,BidPastLow,0,33.350000,33.670000,100,100,IESC
431,1668524706,BidPastLow,0,33.370000,33.670000,100,100,IESC
432,1668524706,BidPastLow,0,33.370000,33.850000,100,100,IESC
433,1668524706,BidPastLow,0,33.370000,33.670000,100,100,IESC
434,1668524721,BidPastLow,0,33.380000,33.670000,100,200,IESC
435,1668524721,BidPastLow,0,33.390000,33.670000,100,200,IESC
436,1668524730,BidPastLow,0,33.370000,33.670000,200,200,IESC
437,1668524730,BidPastLow,0,33.410000,33.670000,100,200,IESC
438,1668524743,BidPastLow,0,33.430000,33.670000,100,200,IESC
439,1668524750,BidPastLow,0,33.410000,33.670000,100,200,IESC
440,1668524750,BidPastLow,0,33.440000,33.670000,100,200,IESC
441,1668524750,BidPastLow,0,33.450000,33.670000,100,200,IESC
442,1668524757,BidPastLow,0,33.440000,33.670000,100,200,IESC
443,1668524757,BidPastLow,0,33.450000,33.670000,100,200,IESC
444,1668524769,BidPastLow,0,33.460000,33.670000,100,200,IESC
445,1668524769,BidPastLow,0,33.470000,33.670000,100,200,IESC
446,1668524777,BidPastLow,0,33.450000,33.670000,100,200,IESC
447,1668524777,BidPastLow,0,33.480000,33.670000,100,200,IESC
448,1668524777,BidPastLow,0,33.490000,33.670000,100,200,IESC
449,1668524785,BidPastLow,0,33.480000,33.670000,100,200,IESC
450,1668524785,BidPastLow,0,33.490000,33.670000,100,200,IESC
451,1668524788,BidPastLow,0,33.350000,33.670000,100,200,IESC
452,1668524788,BidPastLow,0,33.500000,33.670000,100,200,IESC
453,1668524788,BidPastLow,0,33.510000,33.670000,100,200,IESC
454,1668524790,BidPastLow,0,33.520000,33.670000,100,100,IESC
455,1668524790,BidPastLow,0,33.530000,33.670000,100,100,IESC
456,1668524797,BidPastLow,0,33.540000,33.670000,100,100,IESC
457,1668524797,BidPastLow,0,33.550000,33.670000,100,100,IESC
458,1668524803,BidPastLow,0,33.560000,33.670000,100,100,IESC
459,1668524803,BidPastLow,0,33.570000,33.670000,100,100,IESC
460,1668524839,BidPastLow,0,33.350000,33.670000,100,100,IESC
461,1668524839,BidPastLow,0,33.360000,33.670000,300,100,IESC
462,1668524839,BidPastLow,0,33.420000,33.670000,100,100,IESC
463,1668524840,BidPastLow,0,33.430000,33.670000,100,100,IESC
464,1668525356,BidPastLow,0,33.440000,33.670000,100,100,IESC
465,1668525364,BidPastLow,0,33.450000,33.670000,100,100,IESC
466,1668525364,BidPastLow,0,33.460000,33.670000,100,100,IESC
467,1668525372,BidPastLow,0,33.430000,33.670000,100,100,IESC
468,1668525372,BidPastLow,0,33.470000,33.670000,100,100,IESC
469,1668525372,BidPastLow,0,33.480000,33.670000,100,100,IESC
470,1668525379,BidPastLow,0,33.470000,33.670000,100,100,IESC
471,1668525439,BidPastLow,0,33.480000,33.670000,100,100,IESC
472,1668525442,BidPastLow,0,33.350000,33.670000,100,100,IESC
473,1668525442,BidPastLow,0,33.360000,33.670000,100,100,IESC
474,1668525449,BidPastLow,0,33.370000,33.670000,200,100,IESC
475,1668525449,BidPastLow,0,33.380000,33.670000,100,100,IESC
476,1668525456,BidPastLow,0,33.390000,33.670000,200,100,IESC
477,1668525456,BidPastLow,0,33.400000,33.670000,100,100,IESC
478,1668525470,BidPastLow,0,33.410000,33.670000,200,100,IESC
479,1668525470,BidPastLow,0,33.420000,33.670000,100,100,IESC
480,1668525475,BidPastLow,0,33.400000,33.670000,100,100,IESC
481,1668525475,BidPastLow,0,33.420000,33.670000,100,100,IESC
482,1668525479,BidPastLow,0,33.430000,33.670000,100,100,IESC
483,1668525479,BidPastLow,0,33.440000,33.670000,100,100,IESC
484,1668525486,BidPastLow,0,33.400000,33.670000,100,100,IESC
485,1668525486,BidPastLow,0,33.450000,33.670000,100,100,IESC
486,1668525486,BidPastLow,0,33.460000,33.670000,100,100,IESC
487,1668525492,BidPastLow,0,33.400000,33.670000,100,100,IESC
488,1668525492,BidPastLow,0,33.470000,33.670000,100,100,IESC
489,1668525492,BidPastLow,0,33.480000,33.670000,100,100,IESC
490,1668525493,BidPastLow,0,33.400000,33.670000,100,100,IESC
491,1668525493,BidPastLow,0,33.480000,33.670000,100,100,IESC
492,1668525493,BidPastLow,0,33.400000,33.670000,100,100,IESC
493,1668525493,BidPastLow,0,33.410000,33.670000,100,100,IESC
494,1668525494,BidPastLow,0,33.400000,33.670000,100,100,IESC
495,1668525494,BidPastLow,0,33.480000,33.670000,100,100,IESC
496,1668525495,BidPastLow,0,33.400000,33.670000,100,100,IESC
497,1668525495,BidPastLow,0,33.480000,33.670000,100,100,IESC
498,1668525500,BidPastLow,0,33.400000,33.670000,100,100,IESC
499,1668525500,BidPastLow,0,33.500000,33.670000,100,100,IESC
500,1668525501,BidPastLow,0,33.400000,33.670000,100,100,IESC
501,1668525501,BidPastLow,0,33.500000,33.670000,100,100,IESC
502,1668525502,BidPastLow,0,33.660000,33.670000,100,100,IESC
503,1668525502,BidPastLow,0,33.660000,34.010000,100,400,IESC
504,1668525502,BidPastLow,0,33.500000,34.010000,100,300,IESC
505,1668525502,BidPastLow,0,33.660000,34.010000,100,600,IESC
506,1668525502,BidPastLow,0,33.500000,34.010000,100,600,IESC
507,1668525502,BidPastLow,0,33.510000,34.010000,100,600,IESC
508,1668525502,BidPastLow,0,33.660000,34.010000,100,300,IESC
509,1668525503,BidPastLow,0,33.740000,34.010000,100,100,IESC
510,1668525504,BidPastLow,0,33.740000,34.000000,100,100,IESC
511,1668525504,BidPastLow,0,33.500000,34.000000,100,500,IESC
512,1668525504,BidPastLow,0,33.500000,33.990000,100,100,IESC
513,1668525504,BidPastLow,0,33.500000,34.000000,100,600,IESC
514,1668525504,BidPastLow,0,33.500000,33.990000,100,200,IESC
515,1668525504,BidPastLow,0,33.500000,34.000000,100,400,IESC
516,1668525504,BidPastLow,0,33.500000,33.990000,100,100,IESC
517,1668525507,BidPastLow,0,33.510000,33.990000,100,100,IESC
518,1668525507,BidPastLow,0,33.520000,33.990000,100,300,IESC
519,1668525516,BidPastLow,0,33.530000,33.990000,100,100,IESC
520,1668525516,BidPastLow,0,33.540000,33.990000,100,100,IESC
521,1668525524,BidPastLow,0,33.520000,33.990000,200,100,IESC
522,1668525524,BidPastLow,0,33.540000,33.990000,100,100,IESC
523,1668525524,BidPastLow,0,33.560000,33.990000,100,100,IESC
524,1668525545,BidPastLow,0,33.570000,33.990000,100,100,IESC
525,1668525545,BidPastLow,0,33.580000,33.990000,100,100,IESC
526,1668525557,BidPastLow,0,33.560000,33.990000,100,100,IESC
527,1668525557,BidPastLow,0,33.590000,33.990000,100,100,IESC
528,1668525557,BidPastLow,0,33.600000,33.990000,100,100,IESC
529,1668525585,BidPastLow,0,33.620000,33.990000,100,300,IESC
530,1668525585,BidPastLow,0,33.600000,33.990000,100,300,IESC
531,1668525711,BidPastLow,0,33.610000,33.990000,100,200,IESC
532,1668525738,BidPastLow,0,33.520000,33.990000,100,200,IESC
533,1668525738,BidPastLow,0,33.620000,33.990000,100,200,IESC
534,1668525738,BidPastLow,0,33.520000,33.990000,100,200,IESC
535,1668525760,BidPastLow,0,33.620000,33.990000,100,200,IESC
536,1668525760,BidPastLow,0,33.520000,33.990000,100,200,IESC
537,1668525760,BidPastLow,0,33.630000,33.990000,100,200,IESC
538,1668525777,BidPastLow,0,33.650000,33.990000,100,200,IESC
539,1668525788,BidPastLow,0,33.670000,33.990000,100,200,IESC
540,1668525794,BidPastLow,0,33.520000,33.990000,100,200,IESC
541,1668525794,BidPastLow,0,33.530000,33.990000,100,200,IESC
542,1668525794,BidPastLow,0,33.520000,33.990000,100,200,IESC
543,1668525839,BidPastLow,0,33.540000,33.990000,100,200,IESC
544,1668525843,BidPastLow,0,33.560000,33.990000,100,200,IESC
545,1668525846,BidPastLow,0,33.580000,33.990000,100,200,IESC
546,1668525849,BidPastLow,0,33.600000,33.990000,100,200,IESC
547,1668525852,BidPastLow,0,33.750000,33.990000,100,200,IESC
548,1668525852,BidPastLow,0,33.570000,33.990000,100,200,IESC
549,1668525852,BidPastLow,0,33.750000,33.990000,100,200,IESC
550,1668525855,BidPastLow,0,33.590000,33.990000,100,200,IESC
551,1668525857,BidPastLow,0,33.570000,33.990000,100,200,IESC
552,1668525857,BidPastLow,0,33.520000,33.990000,100,200,IESC
553,1668525875,BidPastLow,0,33.540000,33.990000,100,200,IESC
554,1668525884,BidPastLow,0,33.670000,33.990000,100,200,IESC
555,1668525886,BidPastLow,0,33.520000,33.990000,100,200,IESC
556,1668525886,BidPastLow,0,33.530000,33.990000,100,200,IESC
557,1668525886,BidPastLow,0,33.660000,33.990000,100,200,IESC
558,1668525886,BidPastLow,0,33.700000,33.990000,100,200,IESC
559,1668525898,BidPastLow,0,33.660000,33.990000,100,200,IESC
560,1668525905,BidPastLow,0,33.670000,33.990000,100,200,IESC
561,1668525905,BidPastLow,0,33.520000,33.990000,100,200,IESC
562,1668525905,BidPastLow,0,33.730000,33.990000,100,200,IESC
563,1668525905,BidPastLow,0,33.520000,33.990000,300,200,IESC
564,1668525906,BidPastLow,0,33.740000,33.990000,100,200,IESC
565,1668525912,BidPastLow,0,33.720000,33.990000,100,100,IESC
566,1668525915,BidPastLow,0,33.730000,33.990000,100,100,IESC
567,1668525915,BidPastLow,0,33.770000,33.990000,100,100,IESC
568,1668525916,BidPastLow,0,33.790000,33.990000,100,100,IESC
569,1668525917,BidPastLow,0,33.740000,33.990000,100,100,IESC
570,1668525935,BidPastLow,0,33.520000,33.990000,100,100,IESC
571,1668525935,BidPastLow,0,33.530000,33.990000,100,100,IESC
572,1668525936,BidPastLow,0,33.520000,33.990000,100,100,IESC
573,1668525939,BidPastLow,0,33.620000,33.990000,100,100,IESC
574,1668525939,BidPastLow,0,33.630000,33.990000,100,100,IESC
575,1668525951,BidPastLow,0,33.650000,33.990000,100,100,IESC
576,1668525960,BidPastLow,0,33.670000,33.990000,100,100,IESC
577,1668525963,BidPastLow,0,33.660000,33.990000,100,100,IESC
578,1668525963,BidPastLow,0,33.670000,33.990000,100,100,IESC
579,1668525963,BidPastLow,0,33.690000,33.990000,100,100,IESC
580,1668525970,BidPastLow,0,33.520000,33.990000,100,100,IESC
581,1668525970,BidPastLow,0,33.670000,33.990000,100,100,IESC
582,1668525970,BidPastLow,0,33.710000,33.990000,100,100,IESC
583,1668526032,BidPastLow,0,33.520000,33.990000,100,100,IESC
584,1668526032,BidPastLow,0,33.530000,33.990000,100,100,IESC
585,1668526032,BidPastLow,0,33.520000,33.990000,100,100,IESC
586,1668526035,BidPastLow,0,33.530000,33.990000,200,100,IESC
587,1668526035,BidPastLow,0,33.540000,33.990000,100,100,IESC
588,1668526038,BidPastLow,0,33.670000,33.990000,100,100,IESC
589,1668526042,BidPastLow,0,33.690000,33.990000,100,100,IESC
590,1668526044,BidPastLow,0,33.660000,33.990000,100,100,IESC
591,1668526050,BidPastLow,0,33.520000,33.990000,100,100,IESC
592,1668526050,BidPastLow,0,33.660000,33.990000,100,100,IESC
593,1668526055,BidPastLow,0,33.520000,33.990000,100,100,IESC
594,1668526067,BidPastLow,0,33.670000,33.990000,100,100,IESC
595,1668526067,BidPastLow,0,33.520000,33.990000,100,100,IESC
596,1668526067,BidPastLow,0,33.540000,33.990000,100,100,IESC
597,1668526072,BidPastLow,0,33.660000,33.990000,100,100,IESC
598,1668526072,BidPastLow,0,33.670000,33.990000,100,100,IESC
599,1668526074,BidPastLow,0,33.690000,33.990000,100,100,IESC
600,1668526082,BidPastLow,0,33.520000,33.990000,100,100,IESC
601,1668526082,BidPastLow,0,33.700000,33.990000,100,100,IESC
602,1668526082,BidPastLow,0,33.710000,33.990000,100,100,IESC
603,1668526082,BidPastLow,0,33.700000,33.990000,100,100,IESC
604,1668526082,BidPastLow,0,33.710000,33.990000,100,100,IESC
605,1668526089,BidPastLow,0,33.520000,33.990000,200,100,IESC
606,1668526089,BidPastLow,0,33.680000,33.990000,100,100,IESC
607,1668526089,BidPastLow,0,33.520000,33.990000,100,100,IESC
608,1668526089,BidPastLow,0,33.530000,33.990000,100,100,IESC
609,1668526089,BidPastLow,0,33.730000,33.990000,100,100,IESC
610,1668526090,BidPastLow,0,33.520000,33.990000,100,100,IESC
611,1668526090,BidPastLow,0,33.660000,33.990000,100,100,IESC
612,1668526090,BidPastLow,0,33.750000,33.990000,100,100,IESC
613,1668526097,BidPastLow,0,33.520000,33.990000,100,100,IESC
614,1668526097,BidPastLow,0,33.660000,33.990000,100,100,IESC
615,1668526097,BidPastLow,0,33.520000,33.990000,300,100,IESC
616,1668526097,BidPastLow,0,33.770000,33.990000,100,100,IESC
617,1668526098,BidPastLow,0,33.520000,33.990000,100,100,IESC
618,1668526098,BidPastLow,0,33.660000,33.990000,100,100,IESC
619,1668526098,BidPastLow,0,33.770000,33.990000,100,100,IESC
620,1668526098,BidPastLow,0,33.780000,33.990000,100,100,IESC
621,1668526106,BidPastLow,0,33.520000,33.990000,100,100,IESC
622,1668526106,BidPastLow,0,33.530000,33.990000,300,100,IESC
623,1668526106,BidPastLow,0,33.540000,33.990000,100,200,IESC
624,1668526106,BidPastLow,0,33.520000,33.990000,500,200,IESC
625,1668526115,BidPastLow,0,33.540000,33.990000,100,200,IESC
626,1668526125,BidPastLow,0,33.520000,33.990000,100,200,IESC
627,1668526125,BidPastLow,0,33.550000,33.990000,100,200,IESC
628,1668526125,BidPastLow,0,33.560000,33.990000,100,200,IESC
629,1668526132,BidPastLow,0,33.520000,33.990000,100,200,IESC
630,1668526132,BidPastLow,0,33.560000,33.990000,100,200,IESC
631,1668526132,BidPastLow,0,33.580000,33.990000,100,200,IESC
632,1668526141,BidPastLow,0,33.520000,33.990000,100,200,IESC
633,1668526141,BidPastLow,0,33.590000,33.990000,100,200,IESC
634,1668526141,BidPastLow,0,33.600000,33.990000,100,200,IESC
635,1668526150,BidPastLow,0,33.520000,33.990000,100,200,IESC
636,1668526150,BidPastLow,0,33.610000,33.990000,100,200,IESC
637,1668526150,BidPastLow,0,33.620000,33.990000,100,200,IESC
638,1668526167,BidPastLow,0,33.630000,33.990000,100,100,IESC
639,1668526167,BidPastLow,0,33.640000,33.990000,100,100,IESC
640,1668526173,BidPastLow,0,33.660000,33.990000,100,100,IESC
641,1668526173,BidPastLow,0,33.670000,33.990000,100,100,IESC
642,1668526176,BidPastLow,0,33.690000,33.990000,100,100,IESC
643,1668526176,BidPastLow,0,33.710000,33.990000,100,100,IESC
644,1668526185,BidPastLow,0,33.720000,33.990000,100,100,IESC
645,1668526185,BidPastLow,0,33.730000,33.990000,100,100,IESC
646,1668526192,BidPastLow,0,33.520000,33.990000,100,100,IESC
647,1668526192,BidPastLow,0,33.740000,33.990000,100,100,IESC
648,1668526192,BidPastLow,0,33.750000,33.990000,100,100,IESC
649,1668526192,BidPastLow,0,33.740000,33.990000,100,100,IESC
650,1668526192,BidPastLow,0,33.750000,33.990000,100,100,IESC
651,1668526192,BidPastLow,0,33.760000,33.990000,100,100,IESC
652,1668526204,BidPastLow,0,33.520000,33.990000,100,100,IESC
653,1668526204,BidPastLow,0,33.530000,33.990000,100,100,IESC
654,1668526205,BidPastLow,0,33.520000,33.990000,100,100,IESC
655,1668526214,BidPastLow,0,33.540000,33.990000,100,100,IESC
656,1668526224,BidPastLow,0,33.520000,33.990000,100,100,IESC
657,1668526224,BidPastLow,0,33.550000,33.990000,100,100,IESC
658,1668526224,BidPastLow,0,33.560000,33.990000,100,100,IESC
659,1668526234,BidPastLow,0,33.570000,33.990000,100,100,IESC
660,1668526234,BidPastLow,0,33.580000,33.990000,100,100,IESC
661,1668526244,BidPastLow,0,33.520000,33.990000,100,100,IESC
662,1668526244,BidPastLow,0,33.590000,33.990000,100,100,IESC
663,1668526244,BidPastLow,0,33.600000,33.990000,100,100,IESC
664,1668526252,BidPastLow,0,33.660000,33.990000,100,100,IESC
665,1668526252,BidPastLow,0,33.670000,33.990000,100,100,IESC
666,1668526253,BidPastLow,0,33.690000,33.990000,100,100,IESC
667,1668526267,BidPastLow,0,33.710000,33.990000,100,100,IESC
668,1668526301,BidPastLow,0,33.520000,33.990000,100,100,IESC
669,1668526301,BidPastLow,0,33.730000,33.990000,100,100,IESC
670,1668526305,BidPastLow,0,33.520000,33.990000,100,100,IESC
671,1668526305,BidPastLow,0,33.740000,33.990000,100,100,IESC
672,1668526305,BidPastLow,0,33.520000,33.990000,500,100,IESC
673,1668526305,BidPastLow,0,33.530000,33.990000,100,100,IESC
674,1668526305,BidPastLow,0,33.730000,33.990000,100,100,IESC
675,1668526310,BidPastLow,0,33.520000,33.990000,100,100,IESC
676,1668526310,BidPastLow,0,33.740000,33.990000,100,100,IESC
677,1668526310,BidPastLow,0,33.520000,33.990000,300,100,IESC
678,1668526310,BidPastLow,0,33.730000,33.990000,100,100,IESC
679,1668526311,BidPastLow,0,33.520000,33.990000,100,100,IESC
680,1668526311,BidPastLow,0,33.530000,33.990000,100,100,IESC
681,1668526311,BidPastLow,0,33.730000,33.990000,100,100,IESC
682,1668526312,BidPastLow,0,33.520000,33.990000,100,100,IESC
683,1668526312,BidPastLow,0,33.530000,33.990000,100,100,IESC
684,1668526312,BidPastLow,0,33.750000,33.990000,100,100,IESC
685,1668526313,BidPastLow,0,33.520000,33.990000,100,100,IESC
686,1668526313,BidPastLow,0,33.760000,33.990000,100,100,IESC
687,1668526313,BidPastLow,0,33.520000,33.990000,100,100,IESC
688,1668526320,BidPastLow,0,33.530000,33.990000,100,100,IESC
689,1668526321,BidPastLow,0,33.520000,33.990000,100,100,IESC
690,1668526323,BidPastLow,0,33.530000,33.990000,100,100,IESC
691,1668526323,BidPastLow,0,33.540000,33.990000,100,100,IESC
692,1668526336,BidPastLow,0,33.550000,33.990000,100,100,IESC
693,1668526336,BidPastLow,0,33.560000,33.990000,100,100,IESC
694,1668526344,BidPastLow,0,33.570000,33.990000,100,100,IESC
695,1668526344,BidPastLow,0,33.580000,33.990000,100,100,IESC
696,1668526352,BidPastLow,0,33.520000,33.990000,100,100,IESC
697,1668526352,BidPastLow,0,33.590000,33.990000,100,100,IESC
698,1668526352,BidPastLow,0,33.600000,33.990000,100,100,IESC
699,1668526361,BidPastLow,0,33.610000,33.990000,100,100,IESC
700,1668526361,BidPastLow,0,33.620000,33.990000,100,100,IESC
701,1668526372,BidPastLow,0,33.520000,33.990000,100,100,IESC
702,1668526372,BidPastLow,0,33.620000,33.990000,100,100,IESC
703,1668526372,BidPastLow,0,33.640000,33.990000,100,100,IESC
704,1668526381,BidPastLow,0,33.520000,33.990000,100,100,IESC
705,1668526381,BidPastLow,0,33.650000,33.990000,100,100,IESC
706,1668526381,BidPastLow,0,33.660000,33.990000,100,100,IESC
707,1668526395,BidPastLow,0,33.670000,33.990000,100,100,IESC
708,1668526395,BidPastLow,0,33.680000,33.990000,100,100,IESC
709,1668526400,BidPastLow,0,33.700000,33.990000,100,100,IESC
710,1668526435,BidPastLow,0,33.710000,33.990000,100,100,IESC
711,1668526435,BidPastLow,0,33.720000,33.990000,100,100,IESC
712,1668526444,BidPastLow,0,33.730000,33.990000,100,100,IESC
713,1668526444,BidPastLow,0,33.740000,33.990000,100,100,IESC
714,1668526451,BidPastLow,0,33.750000,33.990000,100,100,IESC
715,1668526451,BidPastLow,0,33.760000,33.990000,100,100,IESC
716,1668526458,BidPastLow,0,33.780000,33.990000,100,100,IESC
717,1668526466,BidPastLow,0,33.520000,33.990000,100,100,IESC
718,1668526466,BidPastLow,0,33.790000,33.990000,100,100,IESC
719,1668526466,BidPastLow,0,33.800000,33.990000,100,100,IESC
720,1668526466,BidPastLow,0,33.790000,33.990000,100,100,IESC
721,1668526466,BidPastLow,0,33.800000,33.990000,100,100,IESC
722,1668526469,BidPastLow,0,33.520000,33.990000,100,100,IESC
723,1668526469,BidPastLow,0,33.800000,33.990000,100,100,IESC
724,1668526475,BidPastLow,0,33.520000,33.990000,100,100,IESC
725,1668526475,BidPastLow,0,33.820000,33.990000,100,100,IESC
726,1668526475,BidPastLow,0,33.520000,33.990000,100,100,IESC
727,1668526475,BidPastLow,0,33.820000,33.990000,100,100,IESC
728,1668526477,BidPastLow,0,33.520000,33.990000,100,100,IESC
729,1668526482,BidPastLow,0,33.730000,33.990000,200,100,IESC
730,1668526484,BidPastLow,0,33.520000,33.990000,100,100,IESC
731,1668526484,BidPastLow,0,33.740000,33.990000,100,100,IESC
732,1668526495,BidPastLow,0,33.750000,33.990000,100,100,IESC
733,1668526495,BidPastLow,0,33.760000,33.990000,100,100,IESC
734,1668526506,BidPastLow,0,33.770000,33.990000,200,100,IESC
735,1668526506,BidPastLow,0,33.780000,33.990000,100,100,IESC
736,1668526513,BidPastLow,0,33.520000,33.990000,200,200,IESC
737,1668526513,BidPastLow,0,33.790000,33.990000,100,300,IESC
738,1668526513,BidPastLow,0,33.800000,33.990000,100,300,IESC
739,1668526521,BidPastLow,0,33.520000,33.990000,200,300,IESC
740,1668526521,BidPastLow,0,33.810000,33.990000,100,300,IESC
741,1668526521,BidPastLow,0,33.820000,33.990000,100,300,IESC
742,1668526525,BidPastLow,0,33.840000,33.990000,100,300,IESC
743,1668526528,BidPastLow,0,33.810000,33.990000,100,300,IESC
744,1668526559,BidPastLow,0,33.820000,33.990000,100,300,IESC
745,1668526574,BidPastLow,0,33.830000,33.990000,100,300,IESC
746,1668526574,BidPastLow,0,33.840000,33.990000,100,300,IESC
747,1668526583,BidPastLow,0,33.830000,33.990000,100,200,IESC
748,1668526583,BidPastLow,0,33.850000,33.990000,100,200,IESC
749,1668526588,BidPastLow,0,33.860000,33.990000,100,200,IESC
750,1668526590,BidPastLow,0,33.850000,33.990000,100,200,IESC
751,1668526590,BidPastLow,0,33.860000,33.990000,100,200,IESC
752,1668526599,BidPastLow,0,33.870000,33.990000,100,200,IESC
753,1668526599,BidPastLow,0,33.880000,33.990000,100,200,IESC
754,1668526650,BidPastLow,0,33.730000,33.990000,100,200,IESC
755,1668526653,BidPastLow,0,33.740000,33.990000,100,200,IESC
756,1668526653,BidPastLow,0,33.750000,33.990000,100,200,IESC
757,1668526660,BidPastLow,0,33.760000,33.990000,100,200,IESC
758,1668526660,BidPastLow,0,33.770000,33.990000,100,200,IESC
759,1668526671,BidPastLow,0,33.780000,33.990000,100,200,IESC
760,1668526671,BidPastLow,0,33.790000,33.990000,100,200,IESC
761,1668526679,BidPastLow,0,33.800000,33.990000,100,200,IESC
762,1668526679,BidPastLow,0,33.810000,33.990000,100,200,IESC
763,1668526690,BidPastLow,0,33.820000,33.990000,100,200,IESC
764,1668526690,BidPastLow,0,33.830000,33.990000,100,200,IESC
765,1668526700,BidPastLow,0,33.840000,33.990000,100,200,IESC
766,1668526700,BidPastLow,0,33.850000,33.990000,100,200,IESC
767,1668526700,BidPastLow,0,33.840000,33.990000,300,200,IESC
768,1668526700,BidPastLow,0,33.850000,33.990000,100,200,IESC
769,1668526711,BidPastLow,0,33.860000,33.990000,100,200,IESC
770,1668526711,BidPastLow,0,33.870000,33.990000,100,200,IESC
771,1668526711,BidPastLow,0,33.860000,33.990000,300,200,IESC
772,1668526711,BidPastLow,0,33.870000,33.990000,100,200,IESC
773,1668526718,BidPastLow,0,33.880000,33.990000,100,200,IESC
774,1668526718,BidPastLow,0,33.890000,33.990000,100,200,IESC
775,1668526728,BidPastLow,0,33.900000,33.990000,100,200,IESC
776,1668526728,BidPastLow,0,33.910000,33.990000,100,200,IESC
777,1668526728,BidPastLow,0,33.900000,33.990000,300,200,IESC
778,1668526728,BidPastLow,0,33.910000,33.990000,100,200,IESC
779,1668526735,BidPastLow,0,33.900000,33.990000,100,200,IESC
780,1668526736,BidPastLow,0,33.730000,33.990000,100,300,IESC
781,1668526736,BidPastLow,0,33.920000,33.990000,100,300,IESC
782,1668526745,BidPastLow,0,33.930000,33.990000,100,100,IESC
783,1668526745,BidPastLow,0,33.920000,33.990000,100,100,IESC
784,1668526746,BidPastLow,0,33.730000,33.990000,100,100,IESC
785,1668526746,BidPastLow,0,33.920000,33.990000,100,100,IESC
786,1668526755,BidPastLow,0,33.730000,33.990000,100,100,IESC
787,1668526755,BidPastLow,0,33.800000,33.990000,100,100,IESC
788,1668526755,BidPastLow,0,33.730000,33.990000,300,100,IESC
789,1668526758,BidPastLow,0,33.740000,33.990000,100,100,IESC
790,1668527158,BidPastLow,0,33.740000,34.110000,100,100,IESC
791,1668527158,BidPastLow,0,33.790000,34.110000,100,100,IESC
792,1668527159,BidPastLow,0,33.790000,34.300000,100,100,IESC
793,1668527159,BidPastLow,0,33.790000,34.290000,200,100,IESC
794,1668527160,BidPastLow,0,33.790000,34.300000,200,200,IESC
795,1668527175,BidPastLow,0,33.800000,34.300000,100,200,IESC
796,1668527175,BidPastLow,0,33.810000,34.300000,100,200,IESC
797,1668527185,BidPastLow,0,33.820000,34.300000,100,200,IESC
798,1668527242,BidPastLow,0,33.820000,34.230000,300,100,IESC
799,1668527242,BidPastLow,0,33.820000,33.890000,200,100,IESC
800,1668527242,BidPastLow,0,33.820000,34.230000,200,200,IESC
801,1668527242,BidPastLow,0,33.820000,34.100000,200,100,IESC
802,1668527242,BidPastLow,0,33.820000,34.230000,200,100,IESC
803,1668527242,BidPastLow,0,33.820000,34.100000,200,100,IESC
804,1668527242,BidPastLow,0,33.820000,34.230000,200,100,IESC
805,1668527246,BidPastLow,0,33.820000,34.100000,200,100,IESC
806,1668527246,BidPastLow,0,33.730000,34.100000,100,100,IESC
807,1668527246,BidPastLow,0,33.500000,34.100000,200,200,IESC
808,1668527246,BidPastLow,0,33.500000,34.020000,500,100,IESC
809,1668527246,BidPastLow,0,33.550000,34.020000,100,100,IESC
810,1668527246,BidPastLow,0,33.550000,34.090000,100,200,IESC
811,1668527246,BidPastLow,0,33.550000,33.890000,100,100,IESC
812,1668527246,BidPastLow,0,33.560000,33.890000,100,100,IESC
813,1668527247,BidPastLow,0,33.560000,34.100000,700,300,IESC
814,1668527265,BidPastLow,0,33.570000,34.100000,100,100,IESC
815,1668527292,BidPastLow,0,33.570000,33.790000,100,100,IESC
816,1668527294,BidPastLow,0,33.310000,33.790000,100,100,IESC
817,1668527294,BidPastLow,0,33.490000,33.790000,100,100,IESC
818,1668527550,BidPastLow,0,33.210000,33.790000,100,100,IESC
819,1668527550,BidPastLow,0,33.220000,33.790000,100,200,IESC
820,1668527550,BidPastLow,0,33.210000,33.790000,100,200,IESC
821,1668527564,BidPastLow,0,33.390000,33.790000,100,200,IESC
822,1668527564,BidPastLow,0,33.400000,33.790000,200,200,IESC
823,1668527567,BidPastLow,0,33.420000,33.790000,100,100,IESC
824,1668527580,BidPastLow,0,33.390000,33.790000,100,100,IESC
825,1668527581,BidPastLow,0,33.610000,33.790000,100,100,IESC
826,1668527581,BidPastLow,0,33.390000,33.790000,100,100,IESC
827,1668527588,BidPastLow,0,33.690000,33.790000,100,100,IESC
828,1668527588,BidPastLow,0,33.690000,34.130000,100,300,IESC
829,1668527588,BidPastLow,0,33.700000,34.130000,200,100,IESC
830,1668527589,BidPastLow,0,33.700000,34.140000,300,100,IESC
831,1668527600,BidPastLow,0,33.800000,34.140000,100,100,IESC
832,1668527600,BidPastLow,0,33.800000,34.030000,100,100,IESC
833,1668527600,BidPastLow,0,33.800000,33.890000,100,100,IESC
834,1668527600,BidPastLow,0,33.700000,33.890000,100,100,IESC
835,1668527600,BidPastLow,0,33.710000,33.890000,100,100,IESC
836,1668527600,BidPastLow,0,33.700000,33.890000,200,100,IESC
837,1668527603,BidPastLow,0,33.700000,34.030000,200,200,IESC
838,1668527614,BidPastLow,0,33.710000,34.030000,100,100,IESC
839,1668527699,BidPastLow,0,33.710000,34.140000,300,100,IESC
840,1668527699,BidPastLow,0,33.710000,34.250000,400,200,IESC
841,1668527889,BidPastLow,0,33.710000,34.030000,200,100,IESC
842,1668527889,BidPastLow,0,33.710000,34.250000,200,400,IESC
843,1668528001,BidPastLow,0,33.710000,34.030000,100,100,IESC
844,1668528072,BidPastLow,0,33.690000,34.030000,100,200,IESC
845,1668528773,BidPastLow,0,33.380000,34.030000,100,300,IESC
846,1668528773,BidPastLow,0,33.380000,34.020000,1500,100,IESC
847,1668528773,BidPastLow,0,33.380000,34.030000,1400,200,IESC
848,1668528773,BidPastLow,0,33.490000,34.030000,200,300,IESC
849,1668528773,BidPastLow,0,33.490000,34.020000,200,100,IESC
850,1668528787,BidPastLow,0,33.490000,34.010000,100,100,IESC
851,1668528826,BidPastLow,0,33.510000,34.010000,100,200,IESC
852,1668528826,BidPastLow,0,33.520000,34.010000,100,200,IESC
853,1668529172,BidPastLow,0,33.260000,34.010000,100,200,IESC
854,1668529172,BidPastLow,0,33.410000,34.010000,100,300,IESC
855,1668529206,BidPastLow,0,33.480000,34.010000,100,200,IESC
856,1668529430,BidPastLow,0,33.260000,34.010000,100,200,IESC
857,1668529430,BidPastLow,0,33.410000,34.010000,100,200,IESC
858,1668529981,BidPastLow,0,33.130000,34.010000,100,100,IESC
859,1668529981,BidPastLow,0,33.270000,34.010000,200,200,IESC
860,1668529982,BidPastLow,0,33.270000,34.000000,600,100,IESC
861,1668530150,BidPastLow,0,33.280000,34.000000,100,300,IESC
862,1668530332,BidPastLow,0,33.280000,33.990000,200,100,IESC
863,1668530332,BidPastLow,0,33.510000,33.990000,100,100,IESC
864,1668530333,BidPastLow,0,33.510000,34.000000,100,200,IESC
865,1668530333,BidPastLow,0,33.510000,33.990000,100,200,IESC
866,1668530333,BidPastLow,0,33.280000,33.990000,100,200,IESC
867,1668530333,BidPastLow,0,33.510000,33.990000,100,200,IESC
868,1668530333,BidPastLow,0,33.280000,33.990000,200,200,IESC
869,1668530333,BidPastLow,0,33.510000,33.990000,100,200,IESC
870,1668530333,BidPastLow,0,33.280000,33.990000,200,200,IESC
871,1668530333,BidPastLow,0,33.280000,33.980000,200,100,IESC
872,1668530333,BidPastLow,0,33.280000,33.990000,200,100,IESC
873,1668530334,BidPastLow,0,33.280000,34.000000,200,200,IESC
874,1668530334,BidPastLow,0,33.510000,34.000000,100,200,IESC
875,1668530335,BidPastLow,0,33.520000,34.000000,100,200,IESC
876,1668530551,BidPastLow,0,33.270000,34.000000,300,300,IESC
877,1668530551,BidPastLow,0,33.120000,34.000000,100,400,IESC
878,1668530551,BidPastLow,0,33.120000,33.990000,100,100,IESC
879,1668530551,BidPastLow,0,33.120000,33.980000,100,100,IESC
880,1668530563,BidPastLow,0,33.120000,33.970000,100,100,IESC
881,1668530563,BidPastLow,0,33.120000,33.960000,100,100,IESC
882,1668530583,BidPastLow,0,33.120000,33.950000,100,100,IESC
883,1668530583,BidPastLow,0,33.120000,33.940000,100,100,IESC
884,1668530604,BidPastLow,0,33.120000,33.930000,100,100,IESC
885,1668530604,BidPastLow,0,33.120000,33.920000,100,100,IESC
886,1668530623,BidPastLow,0,33.120000,33.910000,100,100,IESC
887,1668530623,BidPastLow,0,33.120000,33.900000,100,100,IESC
888,1668530645,BidPastLow,0,33.120000,33.890000,100,100,IESC
889,1668530645,BidPastLow,0,33.120000,33.880000,100,100,IESC
890,1668530667,BidPastLow,0,33.120000,33.870000,100,100,IESC
891,1668530667,BidPastLow,0,33.120000,33.860000,100,100,IESC
892,1668530686,BidPastLow,0,33.120000,33.850000,100,100,IESC
893,1668530686,BidPastLow,0,33.120000,33.840000,100,100,IESC
894,1668530701,BidPastLow,0,33.120000,33.830000,100,100,IESC
895,1668530701,BidPastLow,0,33.120000,33.820000,100,100,IESC
896,1668530724,BidPastLow,0,33.120000,33.810000,100,100,IESC
897,1668530724,BidPastLow,0,33.120000,33.800000,100,100,IESC
898,1668530742,BidPastLow,0,33.120000,33.790000,100,100,IESC
899,1668530742,BidPastLow,0,33.120000,33.780000,100,100,IESC
900,1668530755,BidPastLow,0,33.120000,33.770000,100,100,IESC
901,1668530755,BidPastLow,0,33.120000,33.760000,100,100,IESC
902,1668530756,BidPastLow,0,33.260000,33.760000,100,300,IESC
903,1668530777,BidPastLow,0,33.260000,33.750000,100,100,IESC
904,1668530777,BidPastLow,0,33.260000,33.740000,100,100,IESC
905,1668530796,BidPastLow,0,33.260000,33.730000,100,100,IESC
906,1668530840,BidPastLow,0,33.260000,33.720000,100,100,IESC
907,1668530840,BidPastLow,0,33.260000,33.710000,100,100,IESC
908,1668530850,BidPastLow,0,33.260000,33.700000,100,100,IESC
909,1668530861,BidPastLow,0,33.260000,33.690000,100,100,IESC
910,1668530870,BidPastLow,0,33.260000,33.680000,100,100,IESC
911,1668530870,BidPastLow,0,33.120000,33.680000,100,100,IESC
912,1668530870,BidPastLow,0,33.270000,33.680000,200,100,IESC
913,1668530894,BidPastLow,0,33.400000,33.680000,100,200,IESC
914,1668530895,BidPastLow,0,33.120000,33.680000,100,200,IESC
915,1668530911,BidPastLow,0,33.130000,33.670000,200,100,IESC
916,1668530911,BidPastLow,0,33.130000,33.680000,200,100,IESC
917,1668530911,BidPastLow,0,33.130000,33.670000,200,100,IESC
918,1668530930,BidPastLow,0,33.120000,33.670000,100,200,IESC
919,1668531076,BidPastLow,0,33.130000,33.670000,200,100,IESC
920,1668531076,BidPastLow,0,33.140000,33.670000,100,100,IESC
921,1668531083,BidPastLow,0,33.150000,33.670000,200,100,IESC
922,1668531083,BidPastLow,0,33.160000,33.670000,100,100,IESC
923,1668531090,BidPastLow,0,33.140000,33.670000,100,100,IESC
924,1668531090,BidPastLow,0,33.170000,33.670000,100,100,IESC
925,1668531090,BidPastLow,0,33.180000,33.670000,100,100,IESC
926,1668531099,BidPastLow,0,33.120000,33.670000,100,100,IESC
927,1668531099,BidPastLow,0,33.180000,33.670000,100,100,IESC
928,1668531099,BidPastLow,0,33.190000,33.670000,100,100,IESC
929,1668531099,BidPastLow,0,33.200000,33.670000,100,100,IESC
930,1668531107,BidPastLow,0,33.120000,33.670000,100,100,IESC
931,1668531107,BidPastLow,0,33.210000,33.670000,100,100,IESC
932,1668531107,BidPastLow,0,33.220000,33.670000,100,100,IESC
933,1668531118,BidPastLow,0,33.120000,33.670000,100,100,IESC
934,1668531118,BidPastLow,0,33.220000,33.670000,100,100,IESC
935,1668531118,BidPastLow,0,33.230000,33.670000,100,100,IESC
936,1668531118,BidPastLow,0,33.240000,33.670000,100,100,IESC
937,1668531134,BidPastLow,0,33.120000,33.670000,100,100,IESC
938,1668531134,BidPastLow,0,33.250000,33.670000,100,100,IESC
939,1668531134,BidPastLow,0,33.260000,33.670000,100,100,IESC
940,1668531141,BidPastLow,0,33.270000,33.670000,100,100,IESC
941,1668531141,BidPastLow,0,33.280000,33.670000,100,100,IESC
942,1668531151,BidPastLow,0,33.260000,33.670000,100,100,IESC
943,1668531151,BidPastLow,0,33.120000,33.670000,100,100,IESC
944,1668531151,BidPastLow,0,33.290000,33.670000,100,100,IESC
945,1668531151,BidPastLow,0,33.300000,33.670000,100,100,IESC
946,1668531157,BidPastLow,0,33.310000,33.670000,200,100,IESC
947,1668531157,BidPastLow,0,33.320000,33.670000,100,100,IESC
948,1668531167,BidPastLow,0,33.120000,33.670000,100,100,IESC
949,1668531167,BidPastLow,0,33.330000,33.670000,100,100,IESC
950,1668531167,BidPastLow,0,33.340000,33.670000,100,100,IESC
951,1668531167,BidPastLow,0,33.330000,33.670000,300,100,IESC
952,1668531167,BidPastLow,0,33.340000,33.670000,100,100,IESC
953,1668531167,BidPastLow,0,33.350000,33.670000,100,100,IESC
954,1668531175,BidPastLow,0,33.360000,33.670000,100,100,IESC
955,1668531372,BidPastLow,0,33.320000,33.670000,100,200,IESC
956,1668531372,BidPastLow,0,33.120000,33.670000,100,300,IESC
957,1668531372,BidPastLow,0,33.120000,33.660000,700,100,IESC
958,1668531373,BidPastLow,0,33.120000,33.650000,300,100,IESC
959,1668531385,BidPastLow,0,33.120000,33.640000,100,100,IESC
960,1668531385,BidPastLow,0,33.120000,33.630000,100,100,IESC
961,1668531411,BidPastLow,0,33.120000,33.620000,100,100,IESC
962,1668531411,BidPastLow,0,33.120000,33.610000,100,100,IESC
963,1668531429,BidPastLow,0,33.120000,33.600000,100,100,IESC
964,1668531429,BidPastLow,0,33.120000,33.590000,100,100,IESC
965,1668531441,BidPastLow,0,33.120000,33.580000,100,100,IESC
966,1668531441,BidPastLow,0,33.120000,33.570000,100,100,IESC
967,1668531457,BidPastLow,0,33.120000,33.560000,100,100,IESC
968,1668531458,BidPastLow,0,33.120000,33.550000,100,100,IESC
969,1668531459,BidPastLow,0,33.200000,33.550000,100,200,IESC
970,1668531466,BidPastLow,0,33.210000,33.550000,100,200,IESC
971,1668531467,BidPastLow,0,33.200000,33.550000,100,100,IESC
972,1668531467,BidPastLow,0,33.210000,33.550000,100,100,IESC
973,1668531468,BidPastLow,0,33.200000,33.550000,100,100,IESC
974,1668531468,BidPastLow,0,33.220000,33.550000,100,100,IESC
975,1668531468,BidPastLow,0,33.200000,33.550000,300,100,IESC
976,1668531468,BidPastLow,0,33.210000,33.560000,100,100,IESC
977,1668531469,BidPastLow,0,33.200000,33.550000,100,100,IESC
978,1668531469,BidPastLow,0,33.210000,33.560000,100,100,IESC
979,1668531470,BidPastLow,0,33.200000,33.540000,100,100,IESC
980,1668531470,BidPastLow,0,33.220000,33.540000,100,100,IESC
981,1668531470,BidPastLow,0,33.220000,33.560000,100,200,IESC
982,1668531470,BidPastLow,0,33.200000,33.560000,300,200,IESC
983,1668531470,BidPastLow,0,33.210000,33.560000,100,200,IESC
984,1668531471,BidPastLow,0,33.200000,33.550000,100,100,IESC
985,1668531471,BidPastLow,0,33.200000,33.540000,100,100,IESC
986,1668531471,BidPastLow,0,33.210000,33.540000,100,100,IESC
987,1668531471,BidPastLow,0,33.210000,33.560000,200,200,IESC
988,1668531473,BidPastLow,0,33.200000,33.560000,100,200,IESC
989,1668531474,BidPastLow,0,33.200000,33.540000,200,100,IESC
990,1668531479,BidPastLow,0,33.210000,33.540000,200,200,IESC
991,1668531481,BidPastLow,0,33.200000,33.540000,100,200,IESC
992,1668531481,BidPastLow,0,33.220000,33.540000,100,200,IESC
993,1668531482,BidPastLow,0,33.200000,33.540000,100,200,IESC
994,1668531482,BidPastLow,0,33.230000,33.540000,100,200,IESC
995,1668531482,BidPastLow,0,33.200000,33.540000,300,200,IESC
996,1668531482,BidPastLow,0,33.220000,33.540000,100,200,IESC
997,1668531483,BidPastLow,0,33.200000,33.540000,100,200,IESC
998,1668531483,BidPastLow,0,33.220000,33.540000,100,200,IESC
999,1668531484,BidPastLow,0,33.200000,33.540000,100,200,IESC
1000,1668531484,BidPastLow,0,33.220000,33.540000,100,200,IESC
1001,1668531485,BidPastLow,0,33.200000,33.540000,100,200,IESC
1002,1668531485,BidPastLow,0,33.230000,33.540000,200,200,IESC
