,Time, TickAttribLast, Unreported, Price, Size, Exchange,Symbol
0,,,,,,,IESC
1,1668522601,PastLimit,0,33.890000,128,ISLAND,IESC
2,1668522601,PastLimit,1,33.730000,38,DRCTEDGE,IESC
3,1668523029,PastLimit,1,33.440000,1,ISLAND,IESC
4,1668523034,PastLimit,1,33.440000,49,ISLAND,IESC
5,1668523034,PastLimit,1,33.440000,10,ISLAND,IESC
6,1668523034,PastLimit,1,33.430000,41,ISLAND,IESC
7,1668523099,PastLimit,1,34.000000,1,BEX,IESC
8,1668523274,PastLimit,1,33.450000,17,ISLAND,IESC
9,1668523565,PastLimit,1,33.450000,83,ISLAND,IESC
10,1668523565,PastLimit,1,33.440000,17,ISLAND,IESC
11,1668523657,PastLimit,1,33.760000,8,ISLAND,IESC
12,1668523720,PastLimit,1,33.740000,1,ISLAND,IESC
13,1668523780,PastLimit,1,33.700000,1,ISLAND,IESC
14,1668523838,PastLimit,1,33.700000,1,ISLAND,IESC
15,1668523855,PastLimit,1,33.440000,19,ISLAND,IESC
16,1668523899,PastLimit,1,33.680000,1,ISLAND,IESC
17,1668523964,PastLimit,1,33.680000,1,ISLAND,IESC
18,1668524040,PastLimit,1,33.255200,10,FINRA,IESC
19,1668524145,PastLimit,1,33.440000,81,ISLAND,IESC
20,1668524145,PastLimit,1,33.410000,19,ISLAND,IESC
21,1668524150,PastLimit,1,33.540000,1,ARCA,IESC
22,1668524207,PastLimit,1,33.540000,1,ARCA,IESC
23,1668524305,PastLimit,1,33.530000,3,ISLAND,IESC
24,1668524315,PastLimit,1,33.410000,11,ARCA,IESC
25,1668524316,PastLimit,1,33.420000,2,ISLAND,IESC
26,1668524326,PastLimit,1,33.250000,1,FINRA,IESC
27,1668524326,PastLimit,1,33.170000,5,FINRA,IESC
28,1668524350,PastLimit,1,33.170000,2,FINRA,IESC
29,1668524390,PastLimit,1,33.290000,13,FINRA,IESC
30,1668524528,PastLimit,1,33.530000,5,ISLAND,IESC
31,1668524528,PastLimit,1,33.555000,54,FINRA,IESC
32,1668524597,PastLimit,1,33.504000,59,FINRA,IESC
33,1668524693,PastLimit,1,33.530000,5,ISLAND,IESC
34,1668524693,PastLimit,1,33.540000,3,ISLAND,IESC
35,1668524693,PastLimit,1,33.540000,1,ISLAND,IESC
36,1668524693,PastLimit,1,33.540000,1,MEMX,IESC
37,1668524702,PastLimit,0,33.410000,100,IEX,IESC
38,1668524703,PastLimit,1,33.355000,6,FINRA,IESC
39,1668524703,PastLimit,1,33.370000,5,FINRA,IESC
40,1668524706,PastLimit,1,33.610000,8,ISLAND,IESC
41,1668524769,PastLimit,1,33.590000,2,ISLAND,IESC
42,1668524769,PastLimit,1,33.460000,9,ISLAND,IESC
43,1668524790,PastLimit,0,33.590000,103,ISLAND,IESC
44,1668524790,PastLimit,1,33.670000,6,ARCA,IESC
45,1668524790,PastLimit,1,33.670000,94,ARCA,IESC
46,1668524839,PastLimit,1,33.515000,18,ARCA,IESC
47,1668524839,PastLimit,1,33.570000,18,ISLAND,IESC
48,1668524841,PastLimit,1,33.590000,2,ISLAND,IESC
49,1668524849,PastLimit,1,33.430000,23,ISLAND,IESC
50,1668524972,PastLimit,1,33.550000,6,ISLAND,IESC
51,1668524973,PastLimit,1,33.550000,4,ISLAND,IESC
52,1668525095,PastLimit,1,33.550000,1,FINRA,IESC
53,1668525214,PastLimit,1,33.540000,12,ISLAND,IESC
54,1668525279,PastLimit,1,33.430000,1,FINRA,IESC
55,1668525288,PastLimit,1,33.660000,2,EDGEA,IESC
56,1668525352,PastLimit,1,33.640000,2,ARCA,IESC
57,1668525402,PastLimit,0,33.660000,100,DRCTEDGE,IESC
58,1668525402,PastLimit,1,33.640000,3,ARCA,IESC
59,1668525402,PastLimit,1,33.470000,25,FINRA,IESC
60,1668525402,PastLimit,1,33.470000,25,FINRA,IESC
61,1668525411,PastLimit,1,33.640000,2,ARCA,IESC
62,1668525440,PastLimit,0,33.650000,100,DRCTEDGE,IESC
63,1668525440,PastLimit,1,33.640000,3,ARCA,IESC
64,1668525441,PastLimit,1,33.640000,3,ARCA,IESC
65,1668525442,PastLimit,1,33.540000,37,ISLAND,IESC
66,1668525442,PastLimit,1,33.550000,13,ISLAND,IESC
67,1668525442,PastLimit,1,33.580000,2,ISLAND,IESC
68,1668525442,PastLimit,1,33.580000,3,ISLAND,IESC
69,1668525442,PastLimit,1,33.580000,45,ISLAND,IESC
70,1668525470,PastLimit,1,33.640000,2,ARCA,IESC
71,1668525492,PastLimit,1,33.650000,2,DRCTEDGE,IESC
72,1668525492,PastLimit,1,33.660000,98,DRCTEDGE,IESC
73,1668525492,PastLimit,1,33.640000,3,ARCA,IESC
74,1668525502,PastLimit,1,33.640000,3,ARCA,IESC
75,1668525502,PastLimit,0,33.670000,100,ISLAND,IESC
76,1668525502,PastLimit,1,33.660000,4,ISLAND,IESC
77,1668525502,PastLimit,1,33.670000,9,ISLAND,IESC
78,1668525502,PastLimit,1,33.670000,8,ISLAND,IESC
79,1668525502,PastLimit,1,33.660000,6,ISLAND,IESC
80,1668525502,PastLimit,1,33.660000,30,DRCTEDGE,IESC
81,1668525502,PastLimit,1,33.660000,3,DRCTEDGE,IESC
82,1668525502,PastLimit,1,33.670000,8,DRCTEDGE,IESC
83,1668525502,PastLimit,1,33.670000,8,DRCTEDGE,IESC
84,1668525502,PastLimit,1,33.660000,3,DRCTEDGE,IESC
85,1668525502,PastLimit,1,33.660000,19,DRCTEDGE,IESC
86,1668525503,PastLimit,1,33.740000,3,ISLAND,IESC
87,1668525504,PastLimit,1,33.800000,1,ISLAND,IESC
88,1668525504,PastLimit,0,33.740000,100,DRCTEDGE,IESC
89,1668525504,PastLimit,1,33.740000,33,IEX,IESC
90,1668525504,PastLimit,0,33.740000,100,IEX,IESC
91,1668525755,PastLimit,1,33.755000,10,IEX,IESC
92,1668525755,PastLimit,1,33.570000,5,FINRA,IESC
93,1668525760,PastLimit,1,33.620000,15,FINRA,IESC
94,1668525849,PastLimit,1,33.960000,5,EDGEA,IESC
95,1668525884,PastLimit,1,33.970000,5,EDGEA,IESC
96,1668525935,PastLimit,1,33.755000,18,FINRA,IESC
97,1668525939,PastLimit,1,33.960000,5,ISLAND,IESC
98,1668525939,PastLimit,1,33.970000,4,ISLAND,IESC
99,1668525939,PastLimit,1,33.980000,5,EDGEA,IESC
100,1668526032,PastLimit,1,33.970000,6,ISLAND,IESC
101,1668526089,PastLimit,1,33.970000,3,ISLAND,IESC
102,1668526106,PastLimit,1,33.760000,38,IEX,IESC
103,1668526106,PastLimit,1,33.760000,9,IEX,IESC
104,1668526106,PastLimit,1,33.790000,38,ISLAND,IESC
105,1668526106,PastLimit,1,33.790000,9,ISLAND,IESC
106,1668526174,PastLimit,1,33.960000,3,ISLAND,IESC
107,1668526233,PastLimit,1,33.650000,1,FINRA,IESC
108,1668526234,PastLimit,1,33.960000,3,ISLAND,IESC
109,1668526323,PastLimit,1,33.970000,3,ISLAND,IESC
110,1668526381,PastLimit,1,33.970000,2,ISLAND,IESC
111,1668526435,PastLimit,1,33.970000,2,ISLAND,IESC
112,1668526471,PastLimit,1,33.970000,6,ISLAND,IESC
113,1668526474,PastLimit,1,33.970000,2,ISLAND,IESC
114,1668526559,PastLimit,1,33.900000,2,ISLAND,IESC
115,1668526574,PastLimit,1,33.990000,12,IEX,IESC
116,1668526650,PastLimit,1,33.980000,4,ISLAND,IESC
117,1668526711,PastLimit,1,33.980000,2,ISLAND,IESC
118,1668526735,PastLimit,0,33.910000,100,ISLAND,IESC
119,1668526735,PastLimit,0,33.910000,100,ISLAND,IESC
120,1668526735,PastLimit,1,33.900000,2,ISLAND,IESC
121,1668526736,PastLimit,0,33.990000,100,IEX,IESC
122,1668526736,PastLimit,1,33.990000,32,IEX,IESC
123,1668526756,PastLimit,1,33.860000,1,IEX,IESC
124,1668526756,PastLimit,1,33.870000,1,ARCA,IESC
125,1668527158,PastLimit,1,33.980000,63,ISLAND,IESC
126,1668527158,PastLimit,1,33.990000,15,ISLAND,IESC
127,1668527158,PastLimit,1,33.990000,85,ISLAND,IESC
128,1668527158,PastLimit,1,33.990000,8,ISLAND,IESC
129,1668527158,PastLimit,1,33.990000,8,ISLAND,IESC
130,1668527158,PastLimit,1,34.090000,1,BATS,IESC
131,1668527158,PastLimit,1,33.800000,25,FINRA,IESC
132,1668527158,PastLimit,1,33.800000,6,FINRA,IESC
133,1668527242,PastLimit,0,33.890000,200,ISLAND,IESC
134,1668527242,PastLimit,1,33.890000,11,MEMX,IESC
135,1668527243,PastLimit,1,33.835000,7,FINRA,IESC
136,1668527246,PastLimit,1,33.970000,1,ISLAND,IESC
137,1668527246,PastLimit,0,33.830000,100,ISLAND,IESC
138,1668527246,PastLimit,1,33.820000,8,BEX,IESC
139,1668527246,PastLimit,0,33.820000,100,ISLAND,IESC
140,1668527246,PastLimit,0,33.820000,100,ISLAND,IESC
141,1668527246,PastLimit,1,33.820000,5,ISLAND,IESC
142,1668527246,PastLimit,1,33.820000,5,ISLAND,IESC
143,1668527246,PastLimit,1,33.820000,5,BATS,IESC
144,1668527246,PastLimit,1,33.820000,5,BATS,IESC
145,1668527246,PastLimit,1,33.820000,5,BATS,IESC
146,1668527246,PastLimit,1,33.820000,5,BATS,IESC
147,1668527246,PastLimit,1,33.820000,25,ISLAND,IESC
148,1668527246,PastLimit,1,33.790000,1,ISLAND,IESC
149,1668527246,PastLimit,1,33.790000,1,ARCA,IESC
150,1668527246,PastLimit,1,33.730000,5,ISLAND,IESC
151,1668527246,PastLimit,1,33.730000,5,ISLAND,IESC
152,1668527246,PastLimit,1,33.680000,34,ISLAND,IESC
153,1668527246,PastLimit,1,33.640000,5,NYSE,IESC
154,1668527246,PastLimit,1,33.570000,5,NYSE,IESC
155,1668527246,PastLimit,1,33.550000,31,FINRA,IESC
156,1668527246,PastLimit,1,33.550000,22,FINRA,IESC
157,1668527292,PastLimit,1,33.800000,2,ISLAND,IESC
158,1668527309,PastLimit,1,33.760000,1,ISLAND,IESC
159,1668527400,PastLimit,1,33.780000,3,ISLAND,IESC
160,1668527400,PastLimit,1,33.790000,1,ARCA,IESC
161,1668527428,PastLimit,1,33.780000,3,ISLAND,IESC
162,1668527428,PastLimit,1,33.640000,1,ARCA,IESC
163,1668527564,PastLimit,1,33.760000,5,ISLAND,IESC
164,1668527564,PastLimit,1,33.790000,2,ARCA,IESC
165,1668527581,PastLimit,1,33.590000,10,IEX,IESC
166,1668527588,PastLimit,1,33.690000,87,DRCTEDGE,IESC
167,1668527588,PastLimit,0,33.790000,100,ISLAND,IESC
168,1668527588,PastLimit,1,33.790000,97,ARCA,IESC
169,1668527594,PastLimit,1,33.890000,3,ISLAND,IESC
170,1668527600,PastLimit,1,33.890000,4,ISLAND,IESC
171,1668527600,PastLimit,0,33.890000,100,DRCTEDGE,IESC
172,1668527600,PastLimit,0,33.890000,100,FINRA,IESC
173,1668527600,PastLimit,1,33.800000,10,ISLAND,IESC
174,1668527600,PastLimit,1,33.800000,90,ISLAND,IESC
175,1668527600,PastLimit,1,33.790000,21,ISLAND,IESC
176,1668527699,PastLimit,1,33.900000,5,DRCTEDGE,IESC
177,1668527700,PastLimit,1,33.730000,5,FINRA,IESC
178,1668528434,PastLimit,1,33.860000,10,ISLAND,IESC
179,1668528434,PastLimit,1,33.990000,5,ISLAND,IESC
180,1668528434,PastLimit,1,33.990000,4,ISLAND,IESC
181,1668528434,PastLimit,1,34.000000,19,ARCA,IESC
182,1668528773,PastLimit,0,33.690000,100,DRCTEDGE,IESC
183,1668528773,PastLimit,1,33.490000,33,FINRA,IESC
184,1668528773,PastLimit,1,33.510000,8,FINRA,IESC
185,1668528778,PastLimit,1,33.690000,1,ARCA,IESC
186,1668529033,PastLimit,1,33.950000,25,BEX,IESC
187,1668529104,PastLimit,1,33.980000,2,BEX,IESC
188,1668529162,PastLimit,1,33.980000,2,BEX,IESC
189,1668529172,PastLimit,1,33.730000,12,ISLAND,IESC
190,1668529352,PastLimit,1,33.600000,90,ISLAND,IESC
191,1668529352,PastLimit,1,33.540000,10,ISLAND,IESC
192,1668529392,PastLimit,1,33.540000,7,ISLAND,IESC
193,1668529392,PastLimit,1,33.550000,1,MEMX,IESC
194,1668529392,PastLimit,1,33.550000,1,DRCTEDGE,IESC
195,1668529392,PastLimit,1,33.540000,1,DRCTEDGE,IESC
196,1668529430,PastLimit,1,33.960000,7,BEX,IESC
197,1668529498,PastLimit,1,34.010000,1,BEX,IESC
198,1668529657,PastLimit,1,34.010000,3,BEX,IESC
199,1668529803,PastLimit,1,34.010000,2,BEX,IESC
200,1668529981,PastLimit,1,33.490000,8,ISLAND,IESC
201,1668529981,PastLimit,1,33.410000,92,ISLAND,IESC
202,1668529982,PastLimit,1,33.635000,10,IEX,IESC
203,1668529983,PastLimit,1,33.360000,20,FINRA,IESC
204,1668529985,PastLimit,1,33.340000,8,FINRA,IESC
205,1668530536,PastLimit,1,33.760000,15,FINRA,IESC
206,1668530551,PastLimit,0,33.520000,100,ISLAND,IESC
207,1668530756,PastLimit,1,33.500000,1,ISLAND,IESC
208,1668530756,PastLimit,1,33.470000,1,ISLAND,IESC
209,1668530756,PastLimit,1,33.460000,1,ISLAND,IESC
210,1668530756,PastLimit,1,33.460000,1,ISLAND,IESC
211,1668530756,PastLimit,1,33.460000,1,ISLAND,IESC
212,1668530756,PastLimit,1,33.500000,18,FINRA,IESC
213,1668530759,PastLimit,1,33.305000,28,FINRA,IESC
214,1668530759,PastLimit,1,33.305000,20,FINRA,IESC
215,1668530840,PastLimit,1,33.690000,15,ARCA,IESC
216,1668530895,PastLimit,1,33.400000,29,IEX,IESC
217,1668530895,PastLimit,1,33.400000,10,IEX,IESC
218,1668530911,PastLimit,1,33.400000,1,ISLAND,IESC
219,1668530911,PastLimit,1,33.400000,19,FINRA,IESC
220,1668530911,PastLimit,1,33.600000,2,ISLAND,IESC
221,1668530971,PastLimit,1,33.600000,1,ISLAND,IESC
222,1668530971,PastLimit,1,33.650000,1,ARCA,IESC
223,1668531033,PastLimit,1,33.600000,2,ISLAND,IESC
224,1668531090,PastLimit,1,33.600000,2,ISLAND,IESC
225,1668531151,PastLimit,1,33.600000,1,ISLAND,IESC
226,1668531222,PastLimit,1,33.600000,1,ISLAND,IESC
227,1668531335,PastLimit,1,33.600000,1,ISLAND,IESC
228,1668531372,PastLimit,0,33.360000,100,ISLAND,IESC
229,1668531459,PastLimit,1,33.360000,1,ISLAND,IESC
230,1668531459,PastLimit,1,33.360000,1,MEMX,IESC
231,1668531469,PastLimit,1,33.520000,2,BATS,IESC
232,1668531487,PastLimit,1,33.320000,10,BATS,IESC
233,1668531542,PastLimit,1,33.320000,1,DRCTEDGE,IESC
234,1668531604,PastLimit,1,33.500000,2,ISLAND,IESC
235,1668531604,PastLimit,1,33.500000,1,ARCA,IESC
236,1668531690,PastLimit,1,33.480000,1,ISLAND,IESC
237,1668531690,PastLimit,1,33.530000,1,ARCA,IESC
238,1668531754,PastLimit,1,33.480000,1,ISLAND,IESC
239,1668531816,PastLimit,1,33.480000,1,ISLAND,IESC
240,1668531881,PastLimit,1,33.480000,1,ISLAND,IESC
241,1668531943,PastLimit,1,33.480000,1,ISLAND,IESC
242,1668531970,PastLimit,1,33.480000,6,ISLAND,IESC
243,1668531970,PastLimit,1,33.530000,94,ISLAND,IESC
244,1668531970,PastLimit,1,33.530000,6,ISLAND,IESC
245,1668531970,PastLimit,1,33.530000,1,ISLAND,IESC
246,1668531970,PastLimit,1,33.530000,1,MEMX,IESC
247,1668531970,PastLimit,1,33.530000,99,ARCA,IESC
248,1668531970,PastLimit,1,33.530000,4,ARCA,IESC
249,1668531970,PastLimit,1,33.540000,1,DRCTEDGE,IESC
250,1668531970,PastLimit,1,33.540000,7,DRCTEDGE,IESC
251,1668531970,PastLimit,1,33.540000,8,IEX,IESC
252,1668532584,PastLimit,0,33.540000,100,ISLAND,IESC
253,1668532584,PastLimit,0,33.540000,100,DRCTEDGE,IESC
254,1668532584,PastLimit,1,33.540000,1,ARCA,IESC
255,1668532584,PastLimit,1,33.530000,1,ARCA,IESC
256,1668532609,PastLimit,1,33.540000,47,ISLAND,IESC
257,1668532609,PastLimit,1,33.540000,29,ISLAND,IESC
258,1668532653,PastLimit,1,33.460000,25,FINRA,IESC
259,1668532877,PastLimit,1,33.710000,18,BEX,IESC
260,1668532880,PastLimit,1,33.475000,26,FINRA,IESC
261,1668532936,PastLimit,1,33.685000,1,BEX,IESC
262,1668533086,PastLimit,1,33.685000,2,BEX,IESC
263,1668533195,PastLimit,1,33.860000,2,FINRA,IESC
264,1668533195,PastLimit,1,33.860000,1,FINRA,IESC
265,1668533245,PastLimit,1,33.685000,3,BEX,IESC
266,1668533300,PastLimit,1,33.685000,1,BEX,IESC
267,1668533300,PastLimit,0,33.460000,100,ISLAND,IESC
268,1668533544,PastLimit,1,33.860000,12,FINRA,IESC
269,1668533544,PastLimit,1,33.860000,21,FINRA,IESC
270,1668533544,PastLimit,1,33.860000,6,FINRA,IESC
271,1668533544,PastLimit,1,33.870000,17,FINRA,IESC
272,1668533852,PastLimit,1,33.730000,8,IEX,IESC
273,1668533910,PastLimit,0,33.460000,100,DRCTEDGE,IESC
274,1668533910,PastLimit,1,33.285000,5,FINRA,IESC
275,1668534074,PastLimit,1,33.460000,1,ARCA,IESC
276,1668534074,PastLimit,1,33.460000,1,ARCA,IESC
277,1668534074,PastLimit,1,33.660000,1,ISLAND,IESC
278,1668534120,PastLimit,1,33.710000,1,ISLAND,IESC
279,1668534120,PastLimit,1,33.680000,8,BEX,IESC
280,1668534439,PastLimit,1,33.680000,6,BEX,IESC
281,1668534495,PastLimit,1,33.670000,1,BEX,IESC
282,1668534502,PastLimit,0,33.410000,100,ISLAND,IESC
283,1668534561,PastLimit,1,33.650000,1,BEX,IESC
284,1668534671,PastLimit,1,33.710000,2,BEX,IESC
285,1668534729,PastLimit,1,33.370000,1,ISLAND,IESC
286,1668534729,PastLimit,1,33.320000,92,ISLAND,IESC
287,1668534730,PastLimit,1,33.335000,15,FINRA,IESC
288,1668534949,PastLimit,1,33.740000,16,FINRA,IESC
289,1668535137,PastLimit,0,33.470000,100,ISLAND,IESC
290,1668535137,PastLimit,1,33.470000,5,ISLAND,IESC
291,1668535137,PastLimit,1,33.470000,5,ISLAND,IESC
292,1668535137,PastLimit,1,33.470000,5,BATS,IESC
293,1668535137,PastLimit,1,33.470000,5,BATS,IESC
294,1668535142,PastLimit,1,33.340000,22,FINRA,IESC
295,1668535584,PastLimit,1,33.580000,10,IEX,IESC
296,1668535674,PastLimit,0,33.360000,100,ISLAND,IESC
297,1668536238,PastLimit,0,33.330000,100,ISLAND,IESC
298,1668536239,PastLimit,1,33.315000,15,FINRA,IESC
299,1668536291,PastLimit,1,33.500000,3,FINRA,IESC
300,1668536379,PastLimit,1,33.630000,5,ISLAND,IESC
301,1668536400,PastLimit,1,33.590000,11,ISLAND,IESC
302,1668536400,PastLimit,1,33.660000,42,FINRA,IESC
303,1668536804,PastLimit,0,33.190000,100,NYSE,IESC
304,1668536805,PastLimit,1,33.195000,15,FINRA,IESC
305,1668537070,PastLimit,1,33.410000,10,IEX,IESC
306,1668537335,PastLimit,1,33.330000,1,ISLAND,IESC
307,1668537335,PastLimit,1,33.320000,1,ISLAND,IESC
308,1668537335,PastLimit,1,33.320000,1,ISLAND,IESC
309,1668537335,PastLimit,1,33.270000,97,ISLAND,IESC
310,1668537448,PastLimit,1,33.690000,1,FINRA,IESC
311,1668537533,PastLimit,1,33.190000,37,ISLAND,IESC
312,1668537533,PastLimit,1,33.200000,20,DRCTEDGE,IESC
313,1668537533,PastLimit,1,33.330000,1,ARCA,IESC
314,1668537533,PastLimit,1,33.120000,31,NYSE,IESC
315,1668537533,PastLimit,0,33.410000,100,FINRA,IESC
316,1668537534,PastLimit,1,33.005000,6,FINRA,IESC
317,1668537610,PastLimit,1,33.340000,4,ISLAND,IESC
318,1668537719,PastLimit,1,33.300000,2,ISLAND,IESC
319,1668537723,PastLimit,1,33.240000,4,IEX,IESC
320,1668537857,PastLimit,1,33.300000,4,ISLAND,IESC
321,1668537857,PastLimit,1,33.370000,2,ARCA,IESC
322,1668537914,PastLimit,1,33.300000,2,ISLAND,IESC
323,1668537996,PastLimit,1,33.350000,2,ISLAND,IESC
324,1668538063,PastLimit,1,33.110000,5,BATS,IESC
325,1668538063,PastLimit,1,33.110000,5,BATS,IESC
326,1668538063,PastLimit,1,33.110000,90,BATS,IESC
327,1668538149,PastLimit,1,33.340000,4,ISLAND,IESC
328,1668538149,PastLimit,1,33.360000,2,ARCA,IESC
329,1668538208,PastLimit,1,33.340000,2,ISLAND,IESC
330,1668538267,PastLimit,1,33.340000,2,ISLAND,IESC
331,1668538302,PastLimit,1,33.340000,28,ISLAND,IESC
332,1668538302,PastLimit,1,33.350000,71,ISLAND,IESC
333,1668538302,PastLimit,1,33.360000,1,ISLAND,IESC
334,1668538303,PastLimit,1,33.230000,29,FINRA,IESC
335,1668538326,PastLimit,1,33.360000,1,ISLAND,IESC
336,1668538326,PastLimit,1,33.360000,1,ARCA,IESC
337,1668538355,PastLimit,1,33.270000,87,ISLAND,IESC
338,1668538355,PastLimit,1,33.270000,13,ISLAND,IESC
339,1668538362,PastLimit,1,33.255000,50,ISLAND,IESC
340,1668538363,PastLimit,1,33.255000,25,ISLAND,IESC
341,1668538390,PastLimit,1,33.350000,1,ISLAND,IESC
342,1668538390,PastLimit,1,33.370000,1,ARCA,IESC
343,1668538479,PastLimit,1,33.370000,1,ISLAND,IESC
344,1668538479,PastLimit,1,33.370000,1,ARCA,IESC
345,1668538493,PastLimit,1,33.370000,2,ISLAND,IESC
346,1668538493,PastLimit,1,33.370000,1,ISLAND,IESC
347,1668538493,PastLimit,1,33.370000,97,ISLAND,IESC
348,1668538493,PastLimit,1,33.370000,3,ISLAND,IESC
349,1668538493,PastLimit,1,33.370000,1,ISLAND,IESC
350,1668538493,PastLimit,1,33.370000,8,DRCTEDGE,IESC
351,1668538493,PastLimit,1,33.370000,2,MEMX,IESC
352,1668538493,PastLimit,1,33.370000,1,MEMX,IESC
353,1668538493,PastLimit,1,33.370000,96,ARCA,IESC
354,1668538493,PastLimit,1,33.370000,8,ARCA,IESC
355,1668538493,PastLimit,1,33.370000,8,ARCA,IESC
356,1668538509,PastLimit,1,33.455000,2,ISLAND,IESC
357,1668538665,PastLimit,1,33.420000,5,IEX,IESC
358,1668538957,PastLimit,1,33.650000,10,IEX,IESC
359,1668539335,PastLimit,1,33.495000,3,ISLAND,IESC
360,1668539335,PastLimit,1,33.610000,11,BEX,IESC
361,1668539406,PastLimit,1,33.610000,1,ISLAND,IESC
362,1668539406,PastLimit,1,33.610000,1,ISLAND,IESC
363,1668539463,PastLimit,1,33.610000,1,ISLAND,IESC
364,1668539463,PastLimit,1,33.610000,1,BEX,IESC
365,1668539495,PastLimit,1,33.490000,5,ISLAND,IESC
366,1668539495,PastLimit,1,33.480000,81,ISLAND,IESC
367,1668539495,PastLimit,1,33.480000,15,ISLAND,IESC
368,1668539495,PastLimit,1,33.480000,4,ISLAND,IESC
369,1668539495,PastLimit,1,33.490000,3,ISLAND,IESC
370,1668539582,PastLimit,0,33.340000,100,ISLAND,IESC
371,1668539992,PastLimit,1,33.560000,1,DRCTEDGE,IESC
372,1668540003,PastLimit,0,33.310000,100,ISLAND,IESC
373,1668540003,PastLimit,1,33.310000,5,BATS,IESC
374,1668540003,PastLimit,1,33.320000,45,ISLAND,IESC
375,1668540003,PastLimit,1,33.150000,9,NYSE,IESC
376,1668540003,PastLimit,1,33.160000,18,FINRA,IESC
377,1668540004,PastLimit,1,33.160000,18,FINRA,IESC
378,1668540008,PastLimit,1,33.550000,1,ISLAND,IESC
379,1668540470,PastLimit,0,33.200000,100,ISLAND,IESC
380,1668540640,PastLimit,1,33.390000,6,ISLAND,IESC
381,1668540640,PastLimit,1,33.545000,14,ISLAND,IESC
382,1668540752,PastLimit,1,33.390000,2,ISLAND,IESC
383,1668540752,PastLimit,1,33.530000,2,ARCA,IESC
384,1668540860,PastLimit,1,33.370000,10,IEX,IESC
385,1668540863,PastLimit,1,33.390000,2,ISLAND,IESC
386,1668540863,PastLimit,1,33.530000,2,ARCA,IESC
387,1668540918,PastLimit,1,33.390000,1,ISLAND,IESC
388,1668540918,PastLimit,1,33.530000,1,ARCA,IESC
389,1668540952,PastLimit,0,33.250000,100,ISLAND,IESC
390,1668540978,PastLimit,1,33.570000,36,EDGEA,IESC
391,1668540978,PastLimit,1,33.415000,1,ISLAND,IESC
392,1668541106,PastLimit,1,33.415000,3,ISLAND,IESC
393,1668541106,PastLimit,1,33.540000,2,ARCA,IESC
394,1668541235,PastLimit,1,33.415000,2,ISLAND,IESC
395,1668541235,PastLimit,1,33.540000,1,ARCA,IESC
396,1668541266,PastLimit,1,33.415000,1,FINRA,IESC
397,1668541332,PastLimit,0,33.260000,100,ISLAND,IESC
398,1668541333,PastLimit,1,33.260000,17,ISLAND,IESC
399,1668541333,PastLimit,1,33.390000,3,ISLAND,IESC
400,1668541333,PastLimit,1,33.540000,2,ARCA,IESC
401,1668541333,PastLimit,1,33.130000,18,FINRA,IESC
402,1668541408,PastLimit,1,33.390000,2,ISLAND,IESC
403,1668541500,PastLimit,1,33.390000,2,ISLAND,IESC
404,1668541557,PastLimit,1,33.390000,2,ISLAND,IESC
405,1668541613,PastLimit,1,33.390000,2,ISLAND,IESC
406,1668541669,PastLimit,1,33.390000,2,ISLAND,IESC
407,1668541683,PastLimit,1,33.290000,42,ISLAND,IESC
408,1668541683,PastLimit,1,33.160000,58,ISLAND,IESC
409,1668541756,PastLimit,1,33.390000,2,ISLAND,IESC
410,1668541756,PastLimit,1,33.510000,1,ISLAND,IESC
411,1668541756,PastLimit,1,33.520000,1,ARCA,IESC
412,1668541842,PastLimit,1,33.520000,2,ISLAND,IESC
413,1668541866,PastLimit,1,33.520000,23,ISLAND,IESC
414,1668541898,PastLimit,1,33.520000,2,ISLAND,IESC
415,1668541956,PastLimit,1,33.520000,2,ISLAND,IESC
416,1668542013,PastLimit,1,33.520000,2,ISLAND,IESC
417,1668542029,PastLimit,1,33.110000,5,BATS,IESC
418,1668542029,PastLimit,1,33.110000,1,BATS,IESC
419,1668542029,PastLimit,1,33.110000,94,BATS,IESC
420,1668542156,PastLimit,1,33.510000,3,ISLAND,IESC
421,1668542156,PastLimit,1,33.520000,1,ARCA,IESC
422,1668542341,PastLimit,1,33.510000,3,ISLAND,IESC
423,1668542341,PastLimit,0,33.110000,100,ISLAND,IESC
424,1668542342,PastLimit,1,33.110000,15,FINRA,IESC
425,1668542342,PastLimit,1,33.125000,16,FINRA,IESC
426,1668542351,PastLimit,1,33.110000,1,DRCTEDGE,IESC
427,1668542489,PastLimit,1,33.520000,5,EDGEA,IESC
428,1668542554,PastLimit,1,33.300000,2,IEX,IESC
429,1668542566,PastLimit,1,33.350000,1,DRCTEDGE,IESC
430,1668542636,PastLimit,0,33.110000,100,ISLAND,IESC
431,1668542665,PastLimit,0,33.150000,424,FINRA,IESC
432,1668542665,PastLimit,1,33.165000,9,ISLAND,IESC
433,1668542665,PastLimit,1,33.165000,9,ISLAND,IESC
434,1668542698,PastLimit,1,33.165000,10,ISLAND,IESC
435,1668542715,PastLimit,1,33.300000,3,ISLAND,IESC
436,1668542715,PastLimit,1,33.310000,15,ISLAND,IESC
437,1668542715,PastLimit,1,33.340000,92,ISLAND,IESC
438,1668542715,PastLimit,1,33.340000,8,ISLAND,IESC
439,1668542715,PastLimit,1,33.340000,7,ISLAND,IESC
440,1668542715,PastLimit,1,33.340000,2,ARCA,IESC
441,1668542715,PastLimit,1,33.340000,98,ARCA,IESC
442,1668542715,PastLimit,1,33.350000,5,DRCTEDGE,IESC
443,1668542715,PastLimit,1,33.340000,12,IEX,IESC
444,1668542715,PastLimit,1,33.120000,59,ISLAND,IESC
445,1668542715,PastLimit,1,33.340000,3,ISLAND,IESC
446,1668542715,PastLimit,0,33.340000,100,ISLAND,IESC
447,1668542715,PastLimit,1,33.120000,4,ISLAND,IESC
448,1668542715,PastLimit,1,33.120000,5,BATS,IESC
449,1668542716,PastLimit,1,33.135000,5,FINRA,IESC
450,1668542716,PastLimit,1,33.135000,5,FINRA,IESC
451,1668542804,PastLimit,1,33.530000,3,EDGEA,IESC
452,1668542840,PastLimit,1,33.530000,3,EDGEA,IESC
453,1668542918,PastLimit,1,33.520000,3,EDGEA,IESC
454,1668542961,PastLimit,1,33.500000,3,EDGEA,IESC
455,1668543009,PastLimit,1,33.500000,3,EDGEA,IESC
456,1668543092,PastLimit,1,33.500000,3,EDGEA,IESC
457,1668543148,PastLimit,1,33.500000,1,EDGEA,IESC
458,1668543204,PastLimit,1,33.500000,1,EDGEA,IESC
459,1668543218,PastLimit,0,33.500000,100,ARCA,IESC
460,1668543218,PastLimit,1,33.290000,10,IEX,IESC
461,1668543221,PastLimit,0,33.460000,100,FINRA,IESC
462,1668543221,PastLimit,1,33.105000,20,FINRA,IESC
463,1668543221,PastLimit,1,33.100000,20,FINRA,IESC
464,1668543244,PastLimit,1,33.300000,11,IEX,IESC
465,1668543262,PastLimit,1,33.410000,3,ISLAND,IESC
466,1668543299,PastLimit,1,33.265000,6,IEX,IESC
467,1668543317,PastLimit,1,33.410000,3,ISLAND,IESC
468,1668543317,PastLimit,0,33.450000,100,ISLAND,IESC
469,1668543317,PastLimit,0,33.450000,100,ISLAND,IESC
470,1668543317,PastLimit,1,33.450000,19,IEX,IESC
471,1668543370,PastLimit,1,33.500000,3,ISLAND,IESC
472,1668543404,PastLimit,1,33.500000,4,ISLAND,IESC
473,1668543404,PastLimit,1,33.560000,96,ISLAND,IESC
474,1668543404,PastLimit,1,33.510000,5,BATS,IESC
475,1668543404,PastLimit,1,33.560000,18,BATS,IESC
476,1668543404,PastLimit,1,33.560000,42,BATS,IESC
477,1668543404,PastLimit,1,33.560000,9,BATS,IESC
478,1668543404,PastLimit,1,33.600000,26,BATS,IESC
479,1668543404,PastLimit,1,33.500000,7,IEX,IESC
480,1668543404,PastLimit,1,33.510000,5,IEX,IESC
481,1668543430,PastLimit,1,33.570000,2,ISLAND,IESC
482,1668543430,PastLimit,1,33.570000,1,DRCTEDGE,IESC
483,1668543432,PastLimit,1,33.455000,10,DRCTEDGE,IESC
484,1668543488,PastLimit,1,33.580000,2,ISLAND,IESC
485,1668543488,PastLimit,1,33.600000,1,DRCTEDGE,IESC
486,1668543548,PastLimit,1,33.580000,2,ISLAND,IESC
487,1668543548,PastLimit,1,33.520000,1,DRCTEDGE,IESC
488,1668543599,PastLimit,0,33.450000,100,ISLAND,IESC
489,1668543599,PastLimit,1,33.450000,4,ISLAND,IESC
490,1668543599,PastLimit,1,33.450000,97,ISLAND,IESC
491,1668543600,PastLimit,1,33.440000,7,FINRA,IESC
492,1668543600,PastLimit,1,33.440000,7,FINRA,IESC
493,1668543600,PastLimit,1,33.450000,3,ISLAND,IESC
494,1668543600,PastLimit,1,33.440000,59,ISLAND,IESC
495,1668543600,PastLimit,1,33.440000,2,ISLAND,IESC
496,1668543600,PastLimit,1,33.440000,39,ISLAND,IESC
497,1668543600,PastLimit,0,33.440000,100,ISLAND,IESC
498,1668543601,PastLimit,1,33.165000,5,FINRA,IESC
499,1668543601,PastLimit,1,33.160000,5,FINRA,IESC
500,1668543608,PastLimit,1,33.540000,3,EDGEA,IESC
501,1668543666,PastLimit,1,33.510000,1,ISLAND,IESC
502,1668543666,PastLimit,1,33.540000,4,DRCTEDGE,IESC
503,1668543754,PastLimit,1,33.560000,3,EDGEA,IESC
504,1668543802,PastLimit,1,33.490000,3,ISLAND,IESC
505,1668543880,PastLimit,1,33.460000,2,ISLAND,IESC
506,1668543880,PastLimit,1,33.490000,1,ARCA,IESC
507,1668543917,PastLimit,1,33.460000,2,ISLAND,IESC
508,1668543917,PastLimit,1,33.470000,1,ARCA,IESC
509,1668543932,PastLimit,0,33.420000,100,FINRA,IESC
510,1668543937,PastLimit,1,33.420000,3,FINRA,IESC
511,1668543972,PastLimit,1,33.490000,2,ISLAND,IESC
512,1668543972,PastLimit,1,33.490000,1,ARCA,IESC
513,1668543975,PastLimit,1,33.180000,3,BATS,IESC
514,1668543975,PastLimit,1,33.140000,5,BATS,IESC
515,1668543975,PastLimit,1,33.140000,92,BATS,IESC
516,1668543976,PastLimit,1,33.150000,23,FINRA,IESC
517,1668544144,PastLimit,1,33.315000,39,IEX,IESC
518,1668544144,PastLimit,1,33.315000,5,IEX,IESC
519,1668544178,PastLimit,1,33.260000,68,ISLAND,IESC
520,1668544178,PastLimit,1,33.140000,32,ISLAND,IESC
521,1668544178,PastLimit,1,33.450000,5,ISLAND,IESC
522,1668544178,PastLimit,1,33.470000,3,ARCA,IESC
523,1668544244,PastLimit,1,33.460000,4,ISLAND,IESC
524,1668544244,PastLimit,1,33.150000,6,ISLAND,IESC
525,1668544245,PastLimit,1,33.155000,26,FINRA,IESC
526,1668544296,PastLimit,1,33.450000,2,ISLAND,IESC
527,1668544296,PastLimit,1,33.460000,1,ARCA,IESC
528,1668544377,PastLimit,1,33.460000,2,ISLAND,IESC
529,1668544402,PastLimit,1,33.460000,2,ISLAND,IESC
530,1668544402,PastLimit,1,33.460000,1,BATS,IESC
531,1668544402,PastLimit,1,33.460000,1,ARCA,IESC
532,1668544412,PastLimit,1,33.140000,68,ISLAND,IESC
533,1668544412,PastLimit,1,33.140000,5,ISLAND,IESC
534,1668544412,PastLimit,1,33.140000,27,ISLAND,IESC
535,1668544413,PastLimit,1,33.315000,29,IEX,IESC
536,1668544472,PastLimit,1,33.440000,3,ISLAND,IESC
537,1668544472,PastLimit,1,33.450000,1,ARCA,IESC
538,1668544533,PastLimit,1,33.450000,2,ISLAND,IESC
539,1668544562,PastLimit,1,33.450000,1,ISLAND,IESC
540,1668544572,PastLimit,1,33.450000,6,ARCA,IESC
541,1668544577,PastLimit,1,33.450000,1,ISLAND,IESC
542,1668544577,PastLimit,1,33.480000,2,ARCA,IESC
543,1668544577,PastLimit,1,33.190000,14,DRCTEDGE,IESC
544,1668544583,PastLimit,0,33.190000,100,ISLAND,IESC
545,1668544583,PastLimit,1,33.170000,5,FINRA,IESC
546,1668544633,PastLimit,1,33.420000,4,ISLAND,IESC
547,1668544633,PastLimit,1,33.450000,3,ARCA,IESC
548,1668544668,PastLimit,1,33.420000,5,ISLAND,IESC
549,1668544672,PastLimit,1,33.430000,10,IEX,IESC
550,1668544695,PastLimit,1,33.400000,1,ISLAND,IESC
551,1668544705,PastLimit,1,33.390000,5,ARCA,IESC
552,1668544748,PastLimit,1,33.370000,2,ISLAND,IESC
553,1668544748,PastLimit,1,33.370000,2,ARCA,IESC
554,1668544748,PastLimit,1,33.390000,5,ARCA,IESC
555,1668544765,PastLimit,1,33.150000,5,BATS,IESC
556,1668544765,PastLimit,1,33.150000,95,BATS,IESC
557,1668544765,PastLimit,1,33.150000,20,ISLAND,IESC
558,1668544813,PastLimit,1,33.350000,4,ISLAND,IESC
559,1668544869,PastLimit,1,33.360000,2,ISLAND,IESC
560,1668544869,PastLimit,1,33.380000,2,ARCA,IESC
561,1668544928,PastLimit,1,33.360000,4,ISLAND,IESC
562,1668544928,PastLimit,0,33.150000,100,ISLAND,IESC
563,1668544928,PastLimit,1,33.190000,31,FINRA,IESC
564,1668544996,PastLimit,1,33.360000,2,ISLAND,IESC
565,1668544996,PastLimit,1,33.370000,2,ARCA,IESC
566,1668545026,PastLimit,1,33.360000,5,ARCA,IESC
567,1668545065,PastLimit,1,33.360000,1,ISLAND,IESC
568,1668545065,PastLimit,1,33.380000,1,BATS,IESC
569,1668545065,PastLimit,1,33.360000,2,ARCA,IESC
570,1668545105,PastLimit,1,33.150000,80,ISLAND,IESC
571,1668545105,PastLimit,1,33.150000,20,ISLAND,IESC
572,1668545105,PastLimit,1,33.265000,10,IEX,IESC
573,1668545106,PastLimit,1,33.360000,2,ISLAND,IESC
574,1668545106,PastLimit,1,33.360000,1,BATS,IESC
575,1668545106,PastLimit,1,33.360000,1,ARCA,IESC
576,1668545114,PastLimit,1,33.343700,1,FINRA,IESC
577,1668545115,PastLimit,1,33.150000,29,ISLAND,IESC
578,1668545129,PastLimit,1,33.360000,5,ARCA,IESC
579,1668545185,PastLimit,1,33.360000,2,ISLAND,IESC
580,1668545185,PastLimit,1,33.360000,1,ARCA,IESC
581,1668545215,PastLimit,1,33.265000,5,DRCTEDGE,IESC
582,1668545247,PastLimit,1,33.360000,2,ISLAND,IESC
583,1668545247,PastLimit,1,33.360000,3,ARCA,IESC
584,1668545272,PastLimit,0,33.150000,100,DRCTEDGE,IESC
585,1668545273,PastLimit,1,33.105000,18,BATS,IESC
586,1668545273,PastLimit,1,33.150000,5,ARCA,IESC
587,1668545273,PastLimit,1,33.150000,1,ARCA,IESC
588,1668545273,PastLimit,1,33.150000,5,ARCA,IESC
589,1668545273,PastLimit,1,33.150000,2,ARCA,IESC
590,1668545273,PastLimit,1,33.150000,5,ARCA,IESC
591,1668545277,PastLimit,1,33.160000,9,IEX,IESC
592,1668545299,PastLimit,1,33.310000,5,ISLAND,IESC
593,1668545326,PastLimit,1,33.105000,1,FINRA,IESC
594,1668545357,PastLimit,1,33.310000,4,ISLAND,IESC
595,1668545380,PastLimit,0,33.160000,100,IEX,IESC
596,1668545380,PastLimit,1,33.160000,1,IEX,IESC
597,1668545400,PastLimit,1,33.270000,1,BEX,IESC
598,1668545406,PastLimit,1,33.150000,1,ISLAND,IESC
599,1668545406,PastLimit,1,33.120000,4,IEX,IESC
600,1668545406,PastLimit,1,33.150000,4,ISLAND,IESC
601,1668545407,PastLimit,1,33.310000,5,ISLAND,IESC
602,1668545428,PastLimit,0,32.950000,100,FINRA,IESC
603,1668545428,PastLimit,0,32.950000,100,FINRA,IESC
604,1668545429,PastLimit,1,33.105000,20,IEX,IESC
605,1668545430,PastLimit,1,33.105000,19,IEX,IESC
606,1668545450,PastLimit,0,33.260000,100,FINRA,IESC
607,1668545450,PastLimit,1,32.860000,29,FINRA,IESC
608,1668545485,PastLimit,0,32.860000,200,BATS,IESC
609,1668545545,PastLimit,1,33.270000,4,DRCTEDGE,IESC
610,1668545545,PastLimit,1,33.270000,21,FINRA,IESC
611,1668545638,PastLimit,1,33.100000,1,ISLAND,IESC
612,1668545638,PastLimit,1,33.100000,5,ISLAND,IESC
613,1668545638,PastLimit,1,33.100000,5,ISLAND,IESC
614,1668545638,PastLimit,0,33.060000,100,ISLAND,IESC
615,1668545638,PastLimit,1,33.030000,89,ISLAND,IESC
616,1668545642,PastLimit,1,32.890000,7,FINRA,IESC
617,1668545646,PastLimit,1,33.270000,5,IEX,IESC
618,1668545655,PastLimit,1,33.455000,75,FINRA,IESC
619,1668545699,PastLimit,1,33.000000,20,FINRA,IESC
620,1668545714,PastLimit,1,33.000000,5,ISLAND,IESC
621,1668545714,PastLimit,1,33.000000,1,ISLAND,IESC
622,1668545714,PastLimit,1,33.000000,2,ISLAND,IESC
623,1668545714,PastLimit,1,33.000000,1,ISLAND,IESC
624,1668545714,PastLimit,1,33.000000,2,ISLAND,IESC
625,1668545714,PastLimit,1,33.000000,78,ISLAND,IESC
626,1668545714,PastLimit,1,32.980000,2,ISLAND,IESC
627,1668545714,PastLimit,0,32.950000,100,ISLAND,IESC
628,1668545714,PastLimit,1,32.940000,9,ISLAND,IESC
629,1668545714,PastLimit,0,32.950000,100,FINRA,IESC
630,1668545714,PastLimit,1,32.885000,40,FINRA,IESC
631,1668545718,PastLimit,1,32.885000,29,FINRA,IESC
632,1668545775,PastLimit,1,32.990000,6,ISLAND,IESC
633,1668545775,PastLimit,0,32.940000,100,ISLAND,IESC
634,1668545775,PastLimit,1,32.940000,94,ISLAND,IESC
635,1668545809,PastLimit,1,32.950000,1,FINRA,IESC
636,1668545830,PastLimit,1,32.940000,39,ISLAND,IESC
637,1668545830,PastLimit,1,32.940000,5,ISLAND,IESC
638,1668545830,PastLimit,0,32.940000,100,ISLAND,IESC
639,1668545830,PastLimit,1,32.940000,56,ISLAND,IESC
640,1668545833,PastLimit,1,32.965000,10,FINRA,IESC
641,1668545834,PastLimit,1,32.965000,7,FINRA,IESC
642,1668545856,PastLimit,1,32.970000,1,ISLAND,IESC
643,1668545873,PastLimit,0,32.980000,100,ISLAND,IESC
644,1668545886,PastLimit,1,33.000000,25,ISLAND,IESC
645,1668545886,PastLimit,1,33.130000,19,ISLAND,IESC
646,1668545887,PastLimit,1,33.130000,5,IEX,IESC
647,1668545889,PastLimit,1,32.970000,6,DRCTEDGE,IESC
648,1668545892,PastLimit,0,32.970000,100,ISLAND,IESC
649,1668545892,PastLimit,0,32.970000,100,ISLAND,IESC
650,1668545892,PastLimit,1,32.970000,5,BATS,IESC
651,1668545892,PastLimit,1,32.970000,5,ISLAND,IESC
652,1668545892,PastLimit,1,32.860000,2,ISLAND,IESC
653,1668545892,PastLimit,1,32.760000,35,ISLAND,IESC
654,1668545892,PastLimit,1,32.750000,9,DRCTEDGE,IESC
655,1668545892,PastLimit,0,33.140000,100,PSX,IESC
656,1668545892,PastLimit,0,32.880000,100,FINRA,IESC
657,1668545892,PastLimit,1,32.775000,29,FINRA,IESC
658,1668545894,PastLimit,1,32.775000,35,FINRA,IESC
659,1668545900,PastLimit,0,32.800000,100,FINRA,IESC
660,1668545909,PastLimit,1,32.920000,1,ISLAND,IESC
661,1668545925,PastLimit,1,32.920000,28,ISLAND,IESC
662,1668545925,PastLimit,0,32.750000,100,ISLAND,IESC
663,1668545925,PastLimit,1,32.750000,1,ISLAND,IESC
664,1668545934,PastLimit,1,32.520000,1,BATS,IESC
665,1668545942,PastLimit,1,32.520000,99,BATS,IESC
666,1668545942,PastLimit,0,32.470000,100,BATS,IESC
667,1668545942,PastLimit,1,32.470000,1,BATS,IESC
668,1668545942,PastLimit,0,32.790000,100,ISLAND,IESC
669,1668545942,PastLimit,1,32.500000,49,ISLAND,IESC
670,1668545954,PastLimit,1,32.825000,20,BATS,IESC
671,1668545954,PastLimit,0,32.600000,100,ISLAND,IESC
672,1668545954,PastLimit,0,32.530000,100,ISLAND,IESC
673,1668545954,PastLimit,0,32.510000,100,ISLAND,IESC
674,1668545955,PastLimit,1,32.505000,39,FINRA,IESC
675,1668545955,PastLimit,1,32.505000,38,FINRA,IESC
676,1668545956,PastLimit,1,32.530000,1,ISLAND,IESC
677,1668545968,PastLimit,0,32.490000,100,ISLAND,IESC
678,1668545968,PastLimit,0,32.480000,100,ISLAND,IESC
679,1668545975,PastLimit,1,32.380000,2,BYX,IESC
680,1668545977,PastLimit,1,32.765000,10,FINRA,IESC
681,1668545977,PastLimit,0,32.410000,100,ISLAND,IESC
682,1668545977,PastLimit,0,32.360000,100,ISLAND,IESC
683,1668545977,PastLimit,0,32.360000,100,DRCTEDGE,IESC
684,1668545982,PastLimit,1,32.395000,16,FINRA,IESC
685,1668545982,PastLimit,1,32.420000,90,FINRA,IESC
686,1668545982,PastLimit,1,32.380000,12,FINRA,IESC
687,1668545982,PastLimit,1,32.370000,1,ISLAND,IESC
688,1668545985,PastLimit,1,32.380000,34,FINRA,IESC
689,1668545985,PastLimit,1,32.370000,39,ISLAND,IESC
690,1668545985,PastLimit,1,32.380000,10,FINRA,IESC
691,1668545990,PastLimit,1,32.725000,9,BATS,IESC
692,1668545991,PastLimit,0,32.380000,200,ISLAND,IESC
693,1668545991,PastLimit,1,32.370000,60,ISLAND,IESC
694,1668545991,PastLimit,0,32.370000,100,ISLAND,IESC
695,1668545991,PastLimit,1,32.370000,43,ISLAND,IESC
696,1668545991,PastLimit,1,32.380000,15,IEX,IESC
697,1668545991,PastLimit,1,32.720000,26,IEX,IESC
698,1668545991,PastLimit,1,32.380000,85,IEX,IESC
699,1668545991,PastLimit,1,32.360000,10,ISLAND,IESC
700,1668545991,PastLimit,0,32.360000,100,ISLAND,IESC
701,1668545991,PastLimit,0,32.360000,100,ISLAND,IESC
702,1668545991,PastLimit,1,32.360000,2,ISLAND,IESC
703,1668545991,PastLimit,0,32.360000,100,ISLAND,IESC
704,1668545991,PastLimit,0,32.350000,200,DRCTEDGE,IESC
705,1668545991,PastLimit,0,32.220000,100,ISLAND,IESC
706,1668545991,PastLimit,0,32.220000,100,ISLAND,IESC
707,1668545991,PastLimit,1,32.220000,69,ISLAND,IESC
708,1668545991,PastLimit,1,32.380000,6,FINRA,IESC
709,1668545991,PastLimit,1,32.650000,6,IEX,IESC
710,1668545992,PastLimit,0,32.230000,100,IEX,IESC
711,1668545994,PastLimit,1,32.960000,7,ISLAND,IESC
712,1668545994,PastLimit,1,32.960000,3,ISLAND,IESC
713,1668545994,PastLimit,1,32.210000,17,FINRA,IESC
714,1668545995,PastLimit,1,32.210000,29,BATS,IESC
715,1668545995,PastLimit,1,32.210000,1,ISLAND,IESC
716,1668545996,PastLimit,1,32.210000,2,BATS,IESC
717,1668545996,PastLimit,1,32.950000,1,ISLAND,IESC
718,1668545997,PastLimit,1,32.280000,5,BYX,IESC
719,1668545997,PastLimit,0,32.650000,100,ISLAND,IESC
